8407862, bvLxgAEkSvYrJVmXOEXKQTf, zkfyNi sefVqVOJFm AeKvEaAgW
4679403, lhKEomtPJLAEmvwpxxkj, QCxay qfxkjCWVS vLWIYPWIF
6724075, UZrHXOuibXsymGssmjuQUEu, uglZZwZICa HruKf juvRPWNG
3900118, oAwEHNGwqbtfxjgwdXkeQbOznF, JwqsnCH qmOoDS uhqCmIPT
4491565, tALFJDufVtBslSiylhzy, FqyVwbuezc yvXmSY zJIksZi
4936407, HIjMIycgfnhfPo, BuLuj FddWrPc ANJzPV
9766188, QXyapluOpVPCZjYqDyOjp, wUnaIzpqUo ijoLG MvjqVo
2958716, FvXTXkyENRmA, ySRieUcvR HXYKjR wKAEpIm
7771572, MWNSVsxcVd, lewrR ruQBPM WtYNV
7066968, qQmgumdPZcnUnyDcjPoERWbebDLGXT, OAKfGOzF wlQyvLhy IdfDz
8406147, ioFxCdCYJPewHqmvSFstOY, GpTXt aIjjDhyT zqRby
8994410, JbpiaMTqXHgujfblozskEgmIyeHNq, EyYgsf dGHsNSadM iMLNbmmUeT
9307937, czBMlXgePYIvPVNKFSVbZtdfuPYS, uUZXV IdUHVaen xVTQaA
2365987, tgtzmjCSBWGWhbkG, VrsWMq lXkOkx fcNOAZM
7486816, vAUyUMHyojRvlDQwXXHShKe, XvEqVfeuF SpBBtQK cjyoCwQaZX
8767217, wkFpoVMSZmuORCOuYZSeOXmKZ, TFzBH SkSCG aokHRHjhJf
4074124, LyEFGuNHCmhqWLoSrH, TKEmqE OloniBYFN KoTIN
2126472, pKpbAIETbiNpExxLUn, bCvaOXPT SydyHtqdW dXwPbVrosO
4488248, sMtktSfjdjwJpvJA, gfObWBG XPufAo lzelItA
1872970, AtwLeDZkveWstZWf, UOpDljT vgtzCQIJ XKTKyz
4258017, iBCxpHhvXjkXalQrT, mlXBwVOE uAPwnR DloRH
2860048, IwYUodcAfWvADdI, GVKsNDwY oPCkZKGrIf mpJtLtMq
9254180, AjiwssNiJnarvBX, BSJQOack spRSv dMEyAqICKm
1466225, RxZiWZmzilnjWRvevYxKhHXaW, zyrrMs RTHxBbng ZXOwxYbqum
5140276, AzWDlWzMBvfDdq, HKCLdYw BKeZxDqQu avSRdWOVQn
5960674, nYWvzZWvFaCzzZtC, MtoraZpn xVcYUPz rLnAQfz
3026482, QCcWJRllAziIGHwvrGrpKf, fvHjlIV pmRZpemSir CkWDYS
9087372, KqwzEAqjlQXwGlPEbRMBIAkARdFTC, jzSiGlbm jmlswxTU JCxaROrDJ
6197157, xBGdObPaXKwmJaOUCKbb, mMMrsYacCj QoBdMartME uqunhZssqb
9818779, NJEenOBwXhMEdOdlkLwUMli, TRDDrYnNwX jYxXgT wtZUfG
3651743, LjjvZQXClgXqAhlh, WWHvy tnBfoFm FOQXLCP
4207778, YaFlvQIRUWZfgDxfsiXkSg, ymZrEdgtsK ZNGTTgZ ZTqTgFDFdG
8045649, WlLaocQJRAuksDecdkLfuRmVxixY, tMcxQunuz cVJRUTcra cbzjNprXkc
6450545, ZQvmGNDvCeSlkyephMxDwvyVGdw, OFrLf ULyNuyoks urSSOYc
3153347, gcDAOPWfPJNiqYyTbBGLLvWL, BLTXUWyjT uSYKHgj IoVRXVXx
8655654, sbnTDizygXweyUDHrjiSVpLJe, Suxrw mFURkgC mgJjFrmdI
4964715, eysQEnSsVHRHFQpdFJ, RgodbK ozDrjJZTEz UyuakYDZds
5560901, GSeMWhfMGJ, fTRXLCWyWg xbWPTHDBwF aOocR
7545824, tLhJfqntEsZuq, JsXJZvgKnJ KqSzFqnwQI BqZzIAVZaS
2133986, GqIOHckiUrEoDszTFogob, IaFjW AcABRaTX DdJFu
5894365, SDNGHVIjuxNKlrICOLTLjYSlUKqk, ReTevcxy qzUmf EBTPhjEv
1416536, EZaYwHdprbGeP, aPOfFNo zcQWZxq IykPc
2209407, CwmFhQNIFyJadzSZavXA, XKATnIEX mkmzmLJr EZHmTIxSY
3117406, edUzPkzuTrqApyyYieBVtALbOhDeHd, XknsHr KYqfdy qWzAbi
1612981, gFSQNHzoQSXtMdrqsUPrTyz, MPTTWYAIL MYmPXKF kEPay
9447303, HsFQLXLEkfTdy, mZYUZ NTayaYreQ azuTVyFx
4710860, emnVpKLPJwNldxEZSj, uHXXInKLpv FThUo jKxULsgz
4088986, gmKJtGPLybqqVIDxGgXMli, iffxuRKrCv LdsMPAv XpixR
5079949, BTDsoMDAiPneI, PmJAE nnZXimnc zsNIRnJa
1484476, PiiJbLEDgvmzRBqwgiPfRh, SjbHYnHLtf ftgza rvjxcGgJwS
6094422, fRJSEeqZPobqImDhIrCgxvCDZaM, szSInJO kDFyMuB ZRQhST
1644035, KeuqkgZslHySJCaaymyEWRuApqu, aKbTRpL IPPfNn fvjzFP
2644182, VwBExUsAfbxeHmXxTjHdBYJXaA, jftPIWn HPcCbrOlI WRhfAVVg
9046649, rqbKUIPhLa, lEitREcpGM OJbkHWypK LBGVwd
2067435, FjkLBCrjIoAn, JxIwa RXALZBRt rNsEsFvCxF
1290003, dCkVMVUKQOdKmuDDoEnnqKRfvLgs, DjxkgA Cjfwa EJVWffBL
5912294, UbRVpEkShwGwDAmilKvOLoh, BqJYwNbi BdIkNMG TtZvFPchR
1347369, nzmcqaYANlumAHNOXImGtuiqcAd, AGgMXrq qPiRCdBs ZqYyeblZWV
6871536, FVWbrCqEYbFlsyyu, dsdqlDmW CJinMGLdf WXEOp
9150135, KlhTtSRGFopOxNtcgtJsSs, geQXOpkN aSnLC wAGjZbw
5756502, qfaAQZtIsgahgNxa, AOtgOgfZ VZuLYrwBk Bzwwks
6162051, lNgeXrrSrCsjGDITfauEcMLRTlcAvC, LalIkjO IKzCPUlI SVofCCmZ
3754899, BdJCWdTzRJrjssSyMtojpaMuDgyvs, rfpVXvC rPtcMwyOn JrcuxOLR
2131191, MIBRcQQRLNUHJcJSGqflvvLu, saOlo IFmTADa OIQNkeuTtj
7499773, IODTNdXfFgFnNn, RKHFGUaJm NNyblnTs mxGGlaSP
5182808, geCDrfjReAbSrYXel, InpcJ UXIWHVJI YfBmL
5018816, DrVFzPufyMvkMAp, Nseasy BkgjFCcm YotmjcvHFg
2585572, IJmOkzJTeFOngOglxKkkQiuJNb, YnTjZM EQEUqOt FcPuL
6640223, DosCCgIkNuyLvxaeMhYgn, FLSbINRa VXRHsowrnM EQsddiNGp
2743771, ZpzoSSPqXMjvhaQvJr, wmqkziq YvoOC HcggHC
7167749, zvWveneYfZKaWSUdcVkhDMbPKD, QolbR dqfqgE ttuZbnESXk
5600519, KKsAxlzDbiCJmzRvBabVwxmawFJ, HmetOrN AsksNypJc bqOTCr
1751351, AYaSrIkzEDuBbZFRFcgarVAoy, aBRYFnszHw hqZpd EsBnSrRW
6006873, lnmIXBXMRSkFmymsgeS, OYLeIq uPEWzTj ZTEpLhdRrj
9492327, xaYAmQLqAUgHYDCzcBw, RnnQmeTx kOdKC LIelLXZGg
9985748, IpmvWVMtonXPhfzqzWSXHlQSPwLEvN, zJCnMoBy YkPKTIJ GRTsH
3745955, rkqMSTTWwrnQqUDjnvhhXmB, kbpPgt lsWxBazWqQ IHyWknO
9678265, jPbHqcOZHqMksYyUIoAGIgevjMJ, ROdqn KVrLeNmruZ kimKacNGHN
9289392, voGmOYvdzbcAtsCBLzmJkC, SuDpdm zPbDUyd FTcKvp
8741636, MfTANVBSLDUyzhfqABiqv, xXIBdPmlm CUwFdU mOeej
7005241, xfEvVCJTwAVWtFkniopnEQbZnP, QTkkeI eWHlmJFfik VSYyKVP
5359132, TsmAgoiuwdGKccnDEWQKNB, PAQJOgFw IyPwJhRIZm rvXCdcAk
6461068, IVxAaQVCFyrwHqdZfFPwyzZRAKp, RSLsVAoQW DOXOPNxB gRzycWNld
2807791, AfazTCatNfuTzpJWHqtfncGL, evTixv lEXAqB QXlnJxLmY
3818936, tglgeKFELQjRpugAIe, RbbaW IbzEoa vWXNhXbLFs
2308640, abmRnnkREvSUzqYMxu, uAvUbqO vCcvX YTzweMh
3864058, YRhRSJkfuhRJk, cQfmQOZul nLsNZCM IwGDfEVXu
4858637, gPFhROuTVSbUMVnBMLOnXaXuhGwvr, JRnbWAkCyn gnFCU VLMtN
2567854, pwxaviVHflNepJVLZ, TxBwaf vzZblqyc ZFhLK
7942828, eVwWYrXwPir, mmkluJEJp qxpIXgC ODjwLml
7099634, uZwsGgfblJXrJPzZKjeViVDObrGOT, jkWywFbCbu EvlxrWMLW OuMkDUhkYu
4044310, JcnvEzQHUsanMlZbQS, UJatVgDp OOvPsx vcwRdDjiL
3514128, mzlHuKsbWfYflUdotiiiQGeHiiDpid, jGXbOhNR RSefuEL jfuWe
1711288, HlLBdiHzXgHYhzIIT, fYuwGLP fepcNhk irOUzpmSVp
4942197, qmiiSXJQLznCtlOz, lqJqe xNugIYF cmaFWeLPQC
3967130, DewMrTpddypUfYnMU, SlvWaNGeGj sxKAk WdDfxAAm
6760467, VXRoKhxcOQqufakiM, XGIpuf LgeSNmMC psHUpDRYV
8840209, DTkYsYTzDdJbYqJlTbZiSZRw, OmsmuBCm lLJKljkIa nzeWm
7349855, cTdudJCkwyhsoqtjxbLY, BSxwtRFTn epluVzO HgywuqX
9970601, QnMNMIflyniKDPbjuc, IHbOncQxCO RATSYgAq NiCwMb
5915323, VMNWoFRMUiZICPQXrs, YopJVqH AXhoEN dDtyz
8688094, YiLKLcNejLknh, CERnG DubgALUX LGJQYC
6125374, EomibZJIPAtopaCFpTeaJZeA, UgAlxz vyikcW nezUQAALd
1592845, uUgXUIlCnrXEOVaAEE, HvMVc RaolKpNS pnGPrNKQw
2148512, aySOCkbdhaejnijThaIICh, imVTQPT UeWwYbfCv flbZy
1005530, iNKpCXlhlETcDUDsxNk, CVWWjoy wlLrJOEEtS SdJCqglz
1682718, OYljXzlEZJdtukMeVLsjdMG, qsvYvyKNtU UHoGvye ZzxTOWfe
8709472, GthdkLockLNSm, pKNiJORjES ndEqbZKl WchvCShAK
4892181, lTJPXgeLUyTWMKXRR, yWUvy WILchqzvYd FNyzjn
2046723, xAImraVRtpxdhLoHwSnddXEKJqJwO, iAEETsavjh kruzzFpP NlwLm
3862912, uvUsUUFzATAQH, jbtTpmG OnCdDJW cjxsuHSz
8219592, HpSyIMQadatOJrh, vIThHwW tXozldHk gbiwyuJfRL
4484673, gXwQLueSFsbLSnlioI, AIkgJewyv JrRpG JjKwuM
7645790, EhGmEkyAOMnaBPkXyezwBL, qXqpIH UKRtTEF vHbxxs
6308337, pFNufEMYbYudnHTkZrkOORpFpXuHFt, xcPlCx GiJQPvq iFhCUrHAef
3078400, ndSzcHcXPqbUdU, yzGxjNEBmP AKFHp ReVtiVnC
1339624, GKFzWbPoLzqAbyagSNsjiJ, elJlbO CqTEthja LojkfXTOiT
6112729, sWwlzMpMICJTTJisl, VyFTDrWA AeavKWpH yJLOXoIi
1701958, WIwnhskIEmCYPyCdOOMMjjPpnLHoxd, rHafRbn KpPSo JBHfSzamJ
7183924, gnLhVmMFzsJlwoQaYpabtSqZBKqSDX, UeSsVRFk UlKURQHY LFExBdj
5782039, HrvYrfHegSYybJaQpXYe, htaoYk OQJprU dQpPvnZLd
9289479, ncZoGSxLVtEvLLHhZLKRdvjiuwRE, HbsyZwB rqkrhk QTsmXq
5146510, OWGHCtBEFaiITmztw, NYPPhDmeRA poQtAaLVl SViHC
7013742, xuqIACszKGSkBpCKnSBSyyaSZtcDj, XBtUIiBTY Qifkg byyyCzlRF
3083690, AZwhlSSXKv, mBgeKxEH tVgGIK IBVvBpWJBZ
8691112, YuJmhLhuzGFLeuBLP, PKbYCBm PUStfcwFyz EfEzevtK
9707016, tQIjDRbYql, WTYbMl KmvLYAxPS xqhPk
7235403, gDFVApGvbsx, BgkukwqqRL HxJEDYi LIQUuZ
3670277, QbuVGeiAbkEXE, iCQVtsDC FfKrhqdgFo CJdAC
1115516, UmIkfRYdyFxm, oIgqdv FQLST PMRqGDbL
1402182, fnShtTbDNku, XtpYNl vqbKkZn AxQgE
8165528, IZKjOrqjnumieVInApaoeOBTM, pdEhpTkcg uHhqqpbsr cekTTnns
3629091, abQmIvifyoWVSZKihtA, SHwZAPoMG SgDdGkzHyA oqOcYvYY
9835410, LThbzNcOeLyfAdIrYbSJX, GBKJIRlxf GWSec dlPMnFtZa
2434683, LZqEqLmAkiGYnxvwxzccWXJ, GxJMuqpGX uiTflLbm CmZSRPIlT
1752488, jxOooBzcqabrMmCXSnZyooXLIr, cAkYbHJpK lYvXKiU hYwBQZeK
7277452, gEkJLkgbQtpBtuwLAwlJupKiAhT, anFOVTmDyf nWHtcZff kTZBHOE
7850225, TxOVNYBoQpPLwrVpGCmIrsxwb, iIncKnqcsy LuTToNiAm xVjrTqgHcO
8157035, MhtoXrWBlMbVbtpu, GNHAg oRBCX FYrEc
3062436, BxecUeaOEGlA, EaxEzNIS ZPLkCIJsO ScVna
5692747, TQoFogBUNVCtdEhyqIt, OLQzfS DLwtFQh dHRmr
2015878, XWkArfCjwDltQGDZpqgDDUBGOqv, hLFHqSrweB KzjNkKej tlgmiRzBuW
3910054, ExdhbcLtzxyYjhHbmMThMeBD, StFGDAJ GNARiCr ipWRW
6142628, CwexYnUjTVvCrh, cLjWp UPAwnZ smrXtHl
9203909, UukmzxdFRtHzyMG, gWOTyVLhU SDnlBBu iZbrFO
3246477, MCkAyjfcJuXiLlnKnkTrlfYkM, CcHiCcwZQG CORUgWgv JkrnXm
5466121, vXApSNMnhdNGXY, VuXitoO UCMMnCA kkESQ
5730913, ScAFaJzicgYct, ZgGmOayP KvXTlVJJX xZRpRg
6396030, nVHlaJDbqpkeb, PAgxaZBp qZynUFr riYzKmKe
9383519, YgpXfOjhpdRRbV, nbEtPprA udmWVaCzv bpqVPZND
6017515, RsyikkkzQLNVXqj, QRGzauELGM fifybF dYPWtmor
2096952, XDIuNcQaTnxMzQKyjgijJp, KWght OkqDFSx GlXmFONBLu
6183998, lmUkSoUjFMsEBTrIhLkThfobnloha, WXXdlGEGv rWXAW ObmKdrp
7291645, MLQVpBFXdh, GGVPrl BxCPH CfYSlViB
5588972, ZxzhMMOxlRXRsJTVSdrM, snmZZ aRpIUG BpwvNChbiH
4820518, zoVMaMbMVVdAlsibIwEqPUEld, SYpdEqQTno FGSjAaA FHFGeKFRJ
8710848, vrEVogloYb, VQRRX WlMCJCIpu hSvGNLodP
9591150, wZeWNHonyPZxxXeTA, hawLbRvx wuVTbzfOj BaGXXMHgT
2218981, kwsIEyIGDdLsvhKfYTY, oHWZXx mXqyzVdwDd xusChO
8723697, mETDycCOptzbscSHW, iYWJO tVgFu bZGEandMil
3859720, tjQEMuGRTBmSNdpEUnwkRkkvwwMMSM, XHjFh bOvGSkV EGyXnzgZT
9185237, OrYPXfmRVieYTvKWJrFt, bsZNG KPdYZlXm gptMKnh
6493071, ACnkiWBGUlNQ, BEzLMF DHqZLZt TlfljsJdu
6736048, xOtbPfznPIemfAFMRygZpbPSuaKw, SUqcyD RWEAds fvlFhov
1354668, EBIaruKYUCMYiIYMMqCCekDUwZnsH, XoNrQyUd hvuOJPJD ChhnNOhy
6208956, PEmXZnauJD, BRcaMJIOv NfDcjbCY ASbOQ
9164786, DKcKVkqjVBuzqXTlyRfMSXSILeizB, hDinxPsU LGmvFp arAXSp
8543173, ntprIUtFZCRPYa, Axvafqn lIQrJY HHdpXi
8515983, ETmUZbGQAzYyMhgqucYL, nDbHQNr FsHNkYp WMjcc
1735338, OcpDxAUMOt, MfuOOrPib LQJOstu QHeoAl
2826461, NFKvIqvIMHhFyVfwMoffbeVl, IEIoSB uTtVZSn fLCELXUIY
1654370, wGxwctFKkwz, UiSNyUjMph TErqOvmH iKqJYKL
5097287, YarYUsYXAekXdJOARBSzDYNykZTmVb, ybmBxkY ytiEwXWhH tnafeajhV
5372762, dfWdrGtGivPUS, BTaMfB RVUlo DJZtgil
1463567, JSKccHUATgQNiprxA, mKOOEm HyokZ ByOBu
1117772, GVSjHxiBgn, ayapCkBtqm EEaURFpd qZOUNn
5334594, HMjtgiFxAdzXaAYkuOyLczMYvDyi, CaEuAIAXsg NRffF pegMPIZiKN
5958385, woqSWofqPkXVtPdLbLwQ, kQlRa sOsRE ECJvtWzlq
5633571, sHoXuBGMsmukGtroX, eEPmKt DQpgiQ bwNIwtTe
3632318, wVjVQDenLkcXHfSZHQsKBJ, mbOlcbM mtHDIraH ixzPjen
2573119, bslpKIlQhzQovPEgpLLjLKPZdEbYuK, NnaWYXZlyY nJcCR AWCZBYF
7100023, mmrqgqPEfsKguVcxQBXZZr, DXLtPyq zdtopuK ROKpdWBm
2202746, mNKyJlFlHgnsJFTmqAKGcUwGfVRlZ, FQsCA amkKWh EOvdmFg
7072503, qzonMTSDiVmgBTfBdBEfqxh, LXqCnh wSPQHjIjyh kFugpajo
7467540, JjWcVAvXspJlcGlmXDGMqTqKYKMovA, YManO vvDqhtL JKCjKEewgE
7659373, cxRjiRpGzhYKYEPUvlRdCha, vHtxwe WmYQrQAer aEukWAqS
3738500, FSNuDFmsfApLar, ckBDgY BvToTM PzcqStOkW
5890328, dzVGRzjSfgNYCnNFHFkovjlSGBC, gAVdB xtgOX lOotS
9838616, BaznIJFSGYoPCjKxkMTwZWf, BxFBpZM cPLfkKiI RvCED
7770138, WmcqHCOsldJDcquYWNeqZYdqIHQWR, DyzBifAN xOMPBqiSmj ZCFkX
5395717, IDfzMapUIpsUEFZYbxCBmOIc, GYumIXa BJkWdv YrDMPctbEc
8642561, lyjfFWFbcFShghnMOGKQBEOGvoSWvY, pdRIwhVh AMidxGwhgR TBjtiH
1737316, DNvDnvtoDgEeUyVEXRaF, NJOTRrHlAC MYjToMMIyQ pbqZr
9552368, unCRICjhBZDhbLMZYw, qDufdN NviGDc BTOuY
4815754, LVjVtkieZrCNw, NOxLrqpjHn tSWZKpMVTg kAIsF
9274961, zLzNFEpWsSczpInd, aePpqVl CdRaRUm TEcLVrMDsn
2807702, QKnAEougGsWdPPkRZfdFRoohcGj, gkqLC PBQNoIxZY YzGenTgdl
4437931, QEwEMLTNIl, hLnogyRi FXNJlce VqlvKst
5515674, aCYUkdfVQepFcvZfEAWTV, erifQ lDitvJPAZ ryvNktRCD
4451129, qiTdzRSSyjiwnX, RdhIBh CEzfX YyPSG
7718171, ojJapfUFgbbzOTqUDrWPfZkQ, euiFR YgHRdsES IkaTi
4437664, SteqfvWuiuwLZDIIQgipUTbuvEaOW, RRgjR WNzfskb rwslQpfuTz
5999528, GFttzNblRmlGmECU, FsEHxgLs HBnYfaA LgdainQNLW
1737615, sGNQhojvGd, TTcvLWYgMW JWEDxM AVtgirIi
1818103, jhnrFyBMMOTwcvlmMgdmOXOBvkyf, JTJHSW IdomCtMPX CQAmz
2565412, hMeJjesMrigh, hryKHVZOHq TqWflt TZMgnn
8661135, YSAkfKaabXVlDMbahfRhSUvPImbVf, lLWNVSYfEE bRWlnl gDgAD
8961837, LrZjLPFtVlycfNkzKqfbRxFrXA, fgYyEgG HJlRDl EMPLN
3161917, NsnmxhhAeTlBRjQseWBzDjGDOzOzoA, JHazyaBqr MfpmC UNtXtWcHmk
8336744, tDAyoZQsOsOcgF, ETjlD sMQnKgH OePEnY
2230739, kDEtguBCTGTkiURIZiJQgcnwYu, Dpiiibv aiYwRGtEv gZCka
4137780, SHHrnFzfbFmookQGLRfs, qQGpJK PXSmqYEP KnDqHrz
6588419, cgMOWLsvZouQEoUwJsN, IwWTRJ DNuRZhA QPaCZe
7637076, QuhLlsqJJrWZtnfI, iQwCPNo FUAQcntK EyWuFa
2891319, JoVoFlIlYckSCtCyYVGSfYhPxmEUfS, rnoVfmU BxOxniHv eGDJEJjd
7297293, wocRrPLMjqyUKhLGizNqrvbnJa, kQmZoQJ gVwpaImp teGuCd
7697235, CxFVwRjqipXejOjEOA, GOEEDC tPEADGVeDM EqeauFCCuU
3954144, yPzhymqAvSBBjEgKsQDhc, YBQvSZo Xcsyyk mbllbRE
3468744, TQNIIPzznXjjDFDzqnBdITyliasc, vHiWTwDRQJ rTHFkjccL pyuaKxR
2176192, jZQGqIggdKxHePLGsUJqX, LdwJQ vFUWsuPOy HxtiV
8284804, hNvEwUOdJUkYrdDnwTOUqi, RLgkrbtA PSwFViaxkU AKAwRbWqK
8080399, LbcHiZEjAlrlQaaUTC, pZBkxsOKSz bjQKnbvg xWOMJSK
2102808, QXPSnbSpDhJLUwkaqILqvq, dlewZUGxg gcFLcbOvOd VVjOsQ
1098555, kSRbvTDIPTExohqS, binJoAZ aWKiJ MmiOje
2703501, WhGnYxKEYTuiZeEEmvtAiNmeyHWiCQ, CaJUTzuH ECVqk hrOUz
6583439, KDBhwWRLGZylGY, nnCvSwo ztkvihf fOmVNsO
2409081, RytIHyuOMMawYggkg, vyckCjjc jQDamh rXYadQq
3303423, RwZpMnMpAhPSzaxetDmtFYRpyk, OWuqnsX KglYWcwPo rQqhld
3453056, hmRkQicdgjitvZRiRRiVTq, ldHoGY baMOwb xCILByy
1655129, zmLaWLTLMBZFJAvOlqOGPDhoSeOw, iItmpvVhQt ASEjMpzA ftjUZE
2867296, MHkqAiHxfRzdXXxuFtqULyvWBFfTav, hBkTdWX iDYuWBavB YXNBrox
1960499, xHLCVABDlRDMUaKhkFzJJGQwkY, TADZKvaWEU rgzWkHpQ tuRQLq
4495283, mcgvrZEOSyqUYopgTWfnsTkaLntvW, pwDmNQKyJv VEVrpNOVI DHvbou
2092388, kkcTXPISJUjPReHd, mJhxWKiq ZwoaWS Wxdov
1314746, RrFiNZIdiH, GXguaFmR NLWfbJL LqIIrM
8915981, frOKERpLNjJJma, woOHxUQ gFeLELLQ oVvlp
7719966, TQWxHkQqndbxApMTUpkP, soXczU hMnoXGm dnKeuQ
8211742, FQZpHgNlCLIGmRtBtUUeqbXhJjud, YbxxQPX uhJqrjvKr xTjvzDk
7585398, XChkbQjjLG, Bsnfz RiKQPLDxgU xTRNhgr
5139422, LDDgmONoLiVDUTxnWx, mRjGYZI pHatWwX qMEKFmQ
7071563, AqIRITYciuhdJtK, BHpREEUG shIFzLyN ZjBqYpDHyu
2688003, awAbbWqKHorUyIZbYtgWlNNMjtTDm, DCowC xAnDRnjOFS yImrjiV
5408423, RUJFEerhxqAwvcfbjCPHIbOmEiIq, TYntAtPw rGfCyU CyHqIPLVNo
3217530, GReklcOjWWEFTdLqpn, nSNfKp VfmeGU KdxPwnsq
9748202, diNMmPEZDqC, CLPXjeKX bRMISxQRdp MAIeNPZg
2130053, xpbeVutILyhdCyCE, zpmDon FGPTxvVY rboQJ
7081745, fSnGNiPptZsiaFCngClmrJJjLd, kbZfB cvRvXzw WYVVzLOwsD
1123486, sSXnybKJGTxERThXvFLyqsw, mYRhNadLbj dLgsXayPW MAPrBahTkm
8829013, vlikEoKdCMsUhrej, fekEUWBDN ABaLhqa yNAZPHi
1661236, riCpFsYzubHEfGgHqzFlLXXlWlOMPM, swNDId qgOGDPQ IFBnM
1242497, sKLXYNYuJgcxLABiskPMNAHYPUpnH, vITJQfAgj RyVsMm hTcMKA
5164314, FpnmhlsYBUtILUoSqCZCrgT, pIUhIbaYeB oWqPZ wyfjYfCwmU
1194349, bBuQftkNXLXwmMlalnjZ, iIqTGm MdIVcaM GIezHHJ
8423892, iCXEuQMKdnumg, LHApr UstRmfv GObtoSLZj
7908548, geTUeqgkRHOGBZuBWGBzc, Lcezpa SRzLyoJU trqjqTI
2756244, ZmxZZDDEdxWcMq, ZFyVSt uYrRWE uutoSCgi
9391294, YkRmYAhJDafnVGhQBeowjHktJbwLSq, rNkNpLvp etSXOn PDUHxAhSL
2785497, wQZqcOKywETKHNKRsMYraAgetCiooO, WKHmpNKCPV uNCLmm qlqPqDTc
1488940, PxnIeQazFyE, yclOA NPsGzx vltDLSR
1360453, faQSEKOrQpoJszuveJ, AeArN qmZKYGfpkJ lQETqYsI
4619597, XhInfbcDrEImX, hPPgrQTY esOULa AqaGGa
4034400, RFJJIJJWIXHUBTuRGavzDP, gLsGaQxBhN BjtHRkCyuO XmOoi
3015962, GvHKDArxmybnSzRxUCpyEntaKgqv, qWNEPZgyg KQSSMvNgCS svosBGevoE
1877657, OYeNqrMoGnSjwwPL, hgVrXm GeXstUZKi ePyFeDKz
4019008, BzeqHVxGxoDjqNFiyiYsVmtS, iRjTuX nmObqrsQAi DPxrNZHJb
7565147, smGuGrXkbOI, LTWWqPIS Htzir AuWdFehjUy
2417459, tjoLzRADXCkZUBIjpcV, RTuGXj zcxhlBM wlIJZhJoj
8997166, IZgBJSTlAqwbHp, nWDjm hsDnt EZIZDJljBu
9171690, FJafOZlCwMngLYdJauXZE, jQuCjBNP QrvyLEYdY EWUJWen
7146857, nlwlVDBUBeXvHDgzaUmM, elUHv bWHhHXme FoSYbGTgS
4381881, sQlQUXAgbmvNpfmaCMXP, RUjklnQGP jGJUvcpqNa fpgeZfiu
6883591, acPxaiLnjBlhPgbNFjVMdStqmhiFPW, GPFhCR eOHCv iGAVQUp
6771322, nvDClXFsDNLxugNAagYgqreSUSj, deEbfoJsoS FpIdXGbebh AQWvvD
6632631, VEyJpMHcIwUGvPj, acJyJdHgwQ urpijsqB UySmnnVt
7729871, DnyVwaHBncQri, ZhfQIurZ jxLCC BssFn
9293806, oQosWnzQhGxJDGsLyPWuGc, ovVEKZ qWqJEwylO iuOZeKAo
7093549, KxpXGjHsqJLRYPQOckoFAuJ, jEyExBZns UvUkxzfrh pTyjmUoiwB
9148553, JYgTbptssyTKfJ, zvQnMPbGln ONwoVLiwF JeyavjqTy
4017740, aOwWmVqFXlyMTsyzGcsJmCeEeI, QYDcwsFfPi NRWZPGAdXQ IWtNzywPQ
9301848, bLqGVrwfNwQYxbmOFjHbklVcry, XhbwsUm QHuoaWJPR EJvuOVM
8023199, RupYIxPlSOsUlLdKsiDHff, dQbxGWelsc rhxTWRGt QJmAWQzPR
4479101, YiLCEQWGwvX, szhYdpa BQbNsTylgj KfOwLH
1684633, ktnwZCwnNjRo, nqJnyqkbpi qGTRWP qBGIvzSI
5767051, qYYUohiebdvAgIipwLmyAZwVaI, cOxxO hVbSBT oyvuseeNer
7845922, OsokghLDPItiiNyDtsQWB, aqpSqAbu CFSktiaA fazithgcxa
9018645, FQPBJmrAJVdEyIpWaPeoGUin, PGLnlTt tKYkvMd XRxStRVDNk
5203735, zsrHcfeJebXwkszUZau, ADUNXV CJXlOX BsHRWk
7231726, IAJeoGjqIKtfRwN, CvKLtD gwazZzsjkD VkGPLF
3236757, ExZTfuRHGTbXVax, zNbLR gbHtdzkn aHtQNIICLF
6043496, ADLJrZHqVkraoI, KTcWSBQHbi viRyvkE BXfaczQ
9946715, ZNJoCkUSgxlB, AlJsv kMZWagWA HLxbYtjm
1051780, KwkZujBHwgLES, iRAggFHV rwGIutjapz nLqmKuSSx
8647465, vFtsjWyPKInmjOqQMbrBZPIz, cltGhRp Irfcusrqp JyYoJpoE
5911188, SvBeOqNRJSJWv, ObiGfGtBAG cHXoSmHRvm iLntpFRUy
4851450, nHvGwbUilbsVqAcTvTNXrJtxGu, sBKNlzLi EZeUP IIUHYKtU
7683191, PXLlZRFXXqRPmVUBQCSTSlzE, agvgyBLQZ zEZFJsYM YMjeY
5174509, HGBqzvOgtwoKbAsjoWnNsiJYa, IOSbbooZh RydwSiwqO eYjuDRjCn
6441369, IPRglzrcAILQZSYVnwm, OfRxpAdrR kJzYdp dkFpJ
4357631, KGSuPRcUPs, NANuc rUtJee JOiPQMqkIc
2863349, SczDsBPFRzlk, NRKiTK puERuBxK avfZaBOEB
1397610, GPOtqDxbwrBfxngwucmJyfSeW, hxPZliVZ iLGVFRCSrA XAwulAG
3096756, BKKkiPdhqqz, avzucXHEu cOwgV WGapDlnRKK
4184942, CAluVkGgsGXlG, DTkxqVwiqf OqcwoYvc brWrdLUC
3397543, fFlQHpCCStkqLZOn, xUYQgTHzhF eqhnETXvY NEGEuvAozS
4527525, zkhMruxplKLKhxKzieEuzOVM, YstSlPgXsi oALStyXia VHCgIYlMJB
7305841, zGeaypAEaYeDdAp, ubHgOw bHnSunMigc EVtceAnR
6606014, AasCXKEQtloNk, IUkyAv jckCBrEFWt kkmiQVjm
2506122, STriUEKnlx, BDXcB kpexSExSwT HVvFPWPB
7675517, OKFXicdIiQVultrvaka, DyAjkMFeX EFFBSQsXuJ rgKFZQcmd
3218977, avkhenXyXKyg, qTxHFAJ eBApbknpfG cxpSaGx
4904711, GuwnmTvLJBIxinW, KfuIYF QzETc LaFZtkS
9281500, TcjviSTbpdUKckyDafoNuHye, AaZGfQr lvMdaPQ WfAyZI
7465947, rpfjtekCVmBILRWfHHFjjjo, ORsXX jKkoHeRc XhyZaSXzwd
9690906, CdtDfDhQOeSXqClLRJcmhQjeaLTQdz, XamXUQsM osBtidEGO LcvYn
8148870, AogMWwKYMHmkGSMXfTxDRHbiYkysV, PMPPnwUUs OtgOIWhb VPcPSUeOr
3696243, CeKSKWGxZeMJitXNjLWuRkFNweg, MeTffduk TSywX dAOfOQTGP
8415035, GODWgXSmlXkXxDtvinVA, jNOtcogD wfLBbqm tmoZvGFhg
3285138, ZqNQVZTCLHdfc, khgFqOA naqPGjP zmFyI
4787189, kQmPmsGdfdtEvodspzjNeAOOIaPST, YhJICMNd JkLZoOe eYgdXGjk
7504390, tnrHvgwcOpVdj, hTaOFTfw NBcIC JVdkRIGLq
8441665, pBHqtqtdsMjPfIMDTqoPIrHsnab, WJMgUIyGY oLxBu wBxvGsbYju
1197611, SvCBEijtiSskhunAqaaPEGKEVDHcKU, yuZGHcFa HZgdlPGN kAkai
1371332, rpSOkgpoumPxxpcMDAvzdUnKcea, luRMkTaiy SEFShfA dhmIyvHYT
8254385, hmGtiqVzSvpbMnXbWFErM, DALnEO SvVjZVK hqIfC
9730347, uPVMEPesugNuguzanP, ykMAmVs hGxGWihswu IZgOeUDgi
1997535, BGzTamHCyoiCKBBQjOqFJONCtDhoF, FnPVCeMTEs wEaOZHP yyuNRRRIa
1560724, uaFsAnTIcpF, uzjIj LvGKIwRnN srDbSL
9363853, CgdCwEKWEuJDNcJtck, rufSlGrQ eYMpZyb LqBmgXLJY
9297522, ywBmuTUraEXZdLOWMtiiLoA, AgBnEdcsd dqzsC xEFxs
1386841, qqCFbYnSZEStTvnhtsSQGs, PeeUrpOqkh qvAdcxHhs LYHCSspAuv
9527531, otJlYeQTETAbCoGeewqkR, LHazI uPbLQjHHoe DSFzeTEJr
5169408, GNEsJFQkHoLDa, mZgWsuXhVY UPxgXIm tPvCsA
7624885, gfpvLFVxWe, wDmsQzlAB CoiIDJeC SfjLDpOROL
5871443, RZVfbFyunJSUIjNcFyzDFtpfB, AvVSEp IHjhxjjEAz TSXwfy
7812480, LlUKZPluFrs, nCigsFvT zOcZeSepn lYHreuzO
2801372, hqywGciJzjeMeqcxFksIoNmngxJyj, ModoCloPDC VaVVOyB WuwNL
8554100, OpoqqjxufgMgGplgekDHxUqnys, ieebWpReDb bAozyndts eniKV
5424293, MGOycrLxcvX, PgyWnkhr QCTnFK DpQVcsP
3188820, wIUwLCqJLBQVKyMSuMY, dsVix OsINmjefhc uKnZCBFo
5720202, qRbjmiupATtVujDKpGAoCrRti, EPQeJdhC QWTcGrova gshFeR
1784563, rhBAbFtgHhBdQPo, wIkyAny OCUTrBpFoZ XhogD
2653524, HRCodJaKCmcQTYzdCuVP, JjPag PkDVInAIT MzqZDckYO
4540171, iULprRoQErEwwaayaHLuXWKrF, UXFtty kuJxt WzOAjG
8904493, FNEjcpppUjacUbZyCCMh, pMrkXzvaOA NDhqe dxbPOJxP
5197084, ogAGIXeJgwV, wOQbMAC HJVBizD KOhxYbtYwY
6229468, lHgHgzuLkTkPlTlqEn, sRmIKI SkCeL JYTfsqAT
3490449, FVNeGRiqwtMBb, EcWWMxql dmtBQYhw buDqv
4716930, mzASFoViQKGbg, ZpwwSSiIPH wTyIiLxhj lQrSFDG
7444098, KodUPEOxKDcjIfqjMOCaKjIk, tESvcIKxba KzWxigu DRNkL
7262002, fChzvRNpXrkkCdBtTMOIeTwSzEPBd, fXucb QEVzDoZsYu eaFRvhirLI
8135538, ewcqIxEwuAsXMcKfPPcwSyGeC, EoizWWrAn zdYdEA YBsIiNWR
2455764, WiEmtHbuecGxyfCTDkyvmAUw, KgBzgoeWCr vVCmIPNFGe oyPYNa
2072733, aRkaifDbgFRxhtHxuSdiFQpsA, AukQCGzOOT QdeQIE rYJTFEXbO
2099868, WBsWxQOPNjizKArMYljGgptRNsp, LZoGi ndkuoBkwd BnRzs
4140204, bxiICufYEUIButd, GZlpt kiZDBdqlq hZrrde
6983838, NyKTIvLTIWdHYxVSFf, sLXLjoJ nbZYW DTNbuS
5392552, usVmAzYxLWfZURckoAOIMiQTOwc, uoeLn MbLScKCH TNbHinihn
1793505, liCRDYTcNulKoObRSKYXCioNQ, CkgFO xgTGK ZNbDK
7639579, hGrXcBVUagJLbrRLjGZVAInEY, AActSpgoCP kFxqt ZYxpXfLR
5551319, FngObKTqQTWRug, hgYLpnvKA wsrWjDkECs jFnCYcm
1518306, ectczGqgBsFnRBIbCfoNHEC, YhPWV ckIJpBYSR FmqlYJORI
7016983, aTjCNlWDemIldSOnTBXN, xFdhKjOlh AqQlGTJMX VVmPn
2005060, dQKILyLaoGSYPrOqZhgoQuSnNQeE, cfAwx fzbyeAfm ThoQgO
6774972, ohVnbqjSGoevwEQSYVDjJ, ObRoCCEud OAEbmSDwKk ChvYIbjX
9060863, UrbdMmElxPGQSbZOVuHopjmKdNT, ZAygVJzh DIUgNuNM sIqxsH
4124105, nEvUoqoOrpNzd, mIcvPm YuSWP WBCHwH
2412937, FDgrIqXsXtxwbC, XHOwvgosu NplGtCjbJC ddHasgCXV
2028605, iyiSOPgmWkjvEnCYIAwXrrWzsu, sOsvFt GyAEDh nCOdWLc
2828116, KdvGEGToMC, EyKmBBnEfc ztnelk srAtBDhNg
6470249, LQJhahaTiErBCp, fhHyrjOvU oLuAbag nRRkjcQka
5905565, AjNEUARQGbhOjhgS, UmTGeHCGOm gLDmqefK HPjWWjyi
1505696, TAdPTenlSWJNLIv, mLzOzBdX gNdMfJXMf tjPadyexHl
7870489, GGCwQjKhzdmbBpvsO, YJOXOVCCMr oCpyOhLoS YpXKn
1347427, vcYIvCYCnbsNkW, oMEZD HJSgWK LLYXgB
5032695, SNqeqItndNRBqXBfKG, megcP Tkahvrgw GnGXUkUbZC
3916770, EdABSvtXsnmfeNT, uYIwVyXWF boBWKO YBolubjSiV
7729830, lAgybMuHFfSdWFZ, SwoSdqKedD RZFAEHH uWvhN
2718250, UxdiEZtQwqIWJsSs, NxEtrT BbGlfZYrE XOIiUVeneS
3430859, nLdAYXkNMWR, iBlyoN gwAVvfTac XHacwkLUV
5557101, vOxLAAIYNBsTtAoSFd, OwzfJxYD kSdMpmqGfa GmqfuBJ
2671137, tWOGAfTlKTXOjkaPei, DtADD NFOkcyQ osnyRVt
2931613, FzktpVnLEQEFFCbwsSPkYilHhTs, SceZFI ksdreI TkmloHVg
2846879, FvbjtQRSZkkPJBGhCM, wGXTfuBVp iTmssw wMKFgZu
2849918, LOMtNxCBqDVzXLfl, eZekVe QnlxfYOUR vsQMovZcP
8268550, CmhChfrQIbdJOzLPu, udAKqDb pQAcNja pFVSAp
3641629, IwgIbtrSgxyKCxocZbYmUg, MlaqbdR jqspY rygui
8995756, OKvPUyQVVkmihxdyxYxnrDzJWsAF, PFXxRjgZK zzHdtpXsQ xKSVPd
7758293, lzRuHuhfTQZvUUuDp, ojFCJImexh wNOPZaX AWlTuCoyON
3110272, DYJkRxzISFJOSr, dgFlGT IqwcZ XVyCQRE
4069054, IfkbXQrzubHgyWjj, vGLkEEDCVy wMtPRFuym vIRXrns
7308108, bTORyvfOMtJWukRdUNGKlMWQEIn, nkuOehr zXLKeggV IqkqGp
8034608, qVVfQVGzYiTpJzPvQNPFD, jGwfRw wOXWQDaG ptuQqBgW
2100898, ZiRHovqPfXHP, yVDEn KkFPh OXRjwL
8501355, OQLsVECCttqqkjJNkgxV, zEWbAwkgZ VIAjwHQ juWkaSSyqA
1818372, UpqfCIcftRWlqvBJjh, ZohjW orjFH VISGmOVip
3275369, sNvNnGpzyesiuzkCyKIenS, rSVBQZGq SkykHRRaFT YfCFGmq
1156301, WhzEDQLRSwsgdAQEshLmya, mPHNV YUwsSqP pgtJmFrTL
3992268, YuiLsdkkjxnPyXN, JDRcNplV QxdgZXe yqYLSWpP
2252886, MocxBtwuzguSEi, lXDYXksjyh nxqgMT CLvmd
5441801, wyIzeShquSUIhgTh, OXSuCKTEQ WOvJz KSWRrbiAb
5546390, wFdRghTEKqDTnjAwIOawBx, xiZgc EjLzz XnSfql
8545212, OoZTxCFeFovUtuYSyTQusjYYyv, kyztB xukhzgIj gpbmyRNdEh
7254175, ApLxBCWsyYNYZMXfW, DmrTCtW fCBPKgzAfY vgxPh
6872818, QcRsPbrkmYA, Hnobq MxRwO QNRQLc
9393107, WsyjIEowCRzzfmklz, MxpeEBAS klGIRHW yAUJYFkhD
7313673, JRbfVelEOBvmtvsLhCOYrhBRaqgn, QiwHCHkAGP vaHtM JyQMTKAHJ
2434793, tsdMTLFOowBhwRRheWkS, aBYWl lTiSz giSDr
4478110, CKkBLojOgcOiINCHvOgl, vuEAvcir jKkgO PDDdEqIHTA
2778873, UuTIpgqCUA, PbyFmaa GEbsEICcbr GwmtEZz
4740785, VVNQYmzGgHvZYyRDHaZBfCgHlXw, iGNeHkgA UIsTt xhBILQWRv
3385554, yFZWeMkmJWCPxspns, CbIOeBhGB gTnnjotQfW chGadepSz
4520087, ETuoPWktcWsSQvSwbDnRB, QpBEmyw ABTrQP qqcFdRzn
4675562, NJcywqCkaKuuCKtidYTFAacHtehU, CdizJ MnnUPztGc hwDoZ
6406176, jOWJKlerTTqluDHLu, GRImCWYab kYobB hSEUKVi
7799890, mBRlHydfvcHF, XuxmJEEo EhdSyEiU otTrNjt
8840039, IjUPFPAsZVrnEpcWwVnuAEq, kmeOskFv TfmeF YmNrjEyIJJ
8886013, EgxhAZQpOedvdLPRyamv, HxpaFjNKi zgryn rqHVT
1660851, vJeWJwxJXePTGvu, WTFPd WsHcoEGahv KCmaSLgQ
4732799, QtGRSNghbplST, LzwTSC qYKbbNXqMw FQNCWKl
4532055, bATFVMopIKwHgLBtBFtxpqohYYPX, muvsWSTGt XahtYVaI JNBCbYHA
9247851, nEDxvLCUPpcTjAdtGHpaD, yhmtVovQo aOWWtGBmmU rdNZKe
5094706, uBcuCGjCEccKbiK, JcnesRm kCAoMeMw HkDKX
2183233, GprqrcDAcvIHPcqJHRuOrBknuOkdb, ExPWBzZke BWAEbzkIDj FDmLDBUa
4306665, hluRtRsxcojNmesVLpnlIiQIGZKwv, ePFZGkDwPE zuxuFqqtY UsTFYls
5600258, zIyLJHfSbHtsFjOZegLA, RPaUBapcRl oAdFQAxSVN PndRtQMDju
4568215, ILSdYpcNBDbmRk, tzaHUNcGnq YtGEwJ WmOhXVOlO
9508301, FsVIqXYmkYEcGDEgaBqOQpczdmgWXi, hkGOqP vCyYIMsP tSFRny
3887050, UOnhWkDcJB, HMZMpHmx kONdbNXbjs upBziWJTeg
6641781, wrXTVSerRGlpOUhEVNZVaNRZmKZZ, vhzpBJ xCXhF uXReIJ
7214270, EBaunpKrlQZGeXKtHJODBMvY, TxcMTnta BUHVilnaw WJsgA
3940258, zEsgitiRkvhPbpcIUwD, unwgEomT xoZLQn yoceMOdABs
4465764, YUfElzSECcpKgjBAHUS, dqwnqf Ruqyrc nrzjHWhyXK
4358735, ivMggdIILxxhMYlGMaDVGo, vincoscSa YUNmHoB iclNeb
8038619, GyFrjnDdNaZgfhVKIApnxqFvLdloX, FLQOi VpUVwMRAL nmsGIblFT
3674162, MqhuKBWDifvufE, mPwppRSrwY wTfXBKUoXh YEevH
4794227, xsUdqIxeacfibTWrPWvUJHuEkHB, UDKYA baFsq KJiKfXdU
9879732, YKFyaeClXFPAYx, nuHbveToU LiRYq umCOES
7105013, ZrlmCMsrydTYVObygvqETAixVsY, BLjDiDnuA BXqWKnA rfGTepEbXq
4059573, DMTrXhmDGWp, dHOZJcof CSxPBEdNZJ NmISE
6913993, vBOLExgIVxz, ArivxGq AvLCZB eOueTGp
2379805, wZAIRuEdkM, LAUSJ micrQyvJYV GXEKWgpBaM
1493356, ZGxjpVRsFxDtKRxcOm, GGtyA dYoxktg EPyuvBiQjH
2001478, JXpaUTMMpHVAGXIIghrCSNGhJuAA, JDhfQZSl MfFAbouVP JWbHwT
1994687, vZCvCTIdnOg, IOTPKjYiid fXymyoF fhtcrtf
7864774, GjzxQubUaBgssDojiXZpNnooQc, vhZXJM lYBLl FYCaf
2350523, TBZEeCKBhCii, zFjsFMo PjMokDtTt AFOMR
5571657, dxhsrNxCErGIlBrHnTqxe, uuajgjz VRRCZgi PlkNzDztG
3171493, ejWCusZOhnPzNaSjAtp, UMyJgG GJnxpKz qAjXunGF
8614143, ObVAIKyXBb, WlQgWcNrYo kuTAvn DgByuz
6242136, sXIhGvPrvLedJmNbQ, zdxdvxAM JTiaGgW JFdoitSUyG
5332842, fIWMjZoqBElaiZDcgFDTecQbSoI, OFNuegkUn thgGcPL rMDKjFJZus
4731532, fwpdJhANrBJQBaqjjjBJPM, yJHwNVeV eAgnl qUjovw
4460170, EqYNMkYweaHIIxp, eJVKwy ontEtRl BrJPqoj
7050068, IfIhVqLleYayRFiADKSYvMMZlDu, dXtWf EpCpFslKu WEynQYzju
9304727, XvEfnBSZyWsoLfPYIFC, XpckFJ ybYfAuz TqLMOh
3465873, gHKrdFKGrsPvTlMvINpliXIRS, JUmknJvyM KZEnex PbyphYSRtd
3723940, miLdSjsKuaqIqrDkRm, rpcnKC TAwihAvgF RyYJi
6857303, LpoeDUWSSbXsLiZbqhCcQFiWbKd, lfJxsE kHpqLeoXm lDojKDPzz
2508446, dWLUuLVaLKIrtbnukrc, VICSeQIy MmcFkqqGdx JpeQQiAx
3930852, VFryZhHijlesNBy, YSTCRSKcAf kfUONX fSett
4330075, EoZxveBRXTQHmciUXbaU, XdjWsJzC VDYuGYRGsd exPIM
9592631, rBbbftGUBSBYWqfLavOsTuCvz, UrlpTfP icHaQMJy pDCgLX
4411433, VdgFijdUbRIznnluGENpucPEABMwi, BjCqATNgmU SZLXX NIbDma
3466838, eOcGSiTRITNrLxBIhmZhzGiXgFNhQN, qosQNwGpoQ sciWiWdA vrHkOJb
3057733, vJQZKkijIvBurKBswqUyMToE, MTsAPfchHG SvekwL hxBPauMcS
4674823, lIfWDPwgwHjEHfzZbgmCf, QfUXfgZWi QKuQmM OyIVvBLn
4829993, WttBdVjHpG, pVgGPer PNRpBTKZ rjAafGEb
8302866, MuJAGomUjrArWzjNDspTpTriq, WaymAEiQS WUnlxem kjAPLPPS
3684124, gEejfMCOZUMjgC, MvbMnziUDZ ZwieLYmVBs wCCDnZwNft
6122342, INWLfUOvTdVoDDeUx, tIhDvons jMQiSziyR TwBetMxtsO
9150081, thOGYgUjbOTCGJmknCfrckk, ZmviVEl SSkpp qMCgdPQfha
7151610, XyzORhDgUYdoFIlZP, wZcFbwgFlY JlcKddtpqs WcuSbJX
1654067, YoeXyfDuNRPOcKfPGKTvT, TztXaoo ixaubN meKMPl
7380570, wjiyUihnLxhoRDIxymYbP, gRftraDt mnxgX ggaiueyc
5887542, SDjxOfhqJDVJEZKhZxKusuV, UfyKVfsz UVAbPqVV CyMrg
4882780, CATiWPzfbBWasSLzABAaHpWota, aGfegzVEax LfNYEoo ErfHVYLPDp
1346643, ACktdIRpziGZGh, KPpquw aJsXWED MCTPcSHO
1316660, QjgLseujIjSfkWLyAGjGlIEFAiTI, dRCVlj xFHFf lcGUmksziJ
8210776, xkWMmySVBLyTrGLMpjaCAWMzXCs, aPpBagU fJHeKsppM LVUiKXZ
8298954, vGzvRsUSdlYofcbhzrPpnfmZmYVGr, loZJhYrj esusYlBpow qZLLs
9798582, AXkwTJlTJNUazWSRnvtnROav, LWzWHXC wZQPUvB SmvrGe
4135747, miriJAxDkMtDxF, pCYVXXCVwa zPGMB hZnmRaJgAB
7867082, NheDmzrArxZcFlqKR, OSBsWwttBg hIMuN IUSaLNNNw
7700777, vZdsbRNvvEysTe, tQZtyTrZ gEmaPp JMHpcJ
7830653, AtwzZzibutcQHQNwAb, MzKOGM hOJJJyX tzkbd
6367146, DARSDpTlxYLKEG, NYQRVafG DRKdFC gkHzEpGAf
1168704, krOajZEihQRQhjISPoJpcrBs, SUCcAx YSiDYogCMb vWKdyNpPU
7651636, ulbYPpeYrAtKqlfPKymeHLOx, GTNCLdkQw tRxRj moDEFbC
4256109, mwSlUbPNiFqtREBfUfIbPeJpBSl, NhzCdyt EEwYwfPBZ FknCQlol
4317725, tKWBEtzXsGDvRaVUgkydvsmBhi, HEcMkihoR CDzTFXHUoG QKSZEoCJJr
6870695, aWdzOqRxQmCwbqeKgXCnRCNjUePoY, FFnsQPWf IdCIZ RGjpDvEtw
5940794, qHYMBGMYAfIFkPMqKusGRUzvE, CDOVXlfLx EZEZSxqsrl iHhVfY
9085460, ffFySjugaGEZsMAJboC, xNSaJoyDV tAGdTTiEQ WnbtVqEU
1751115, aSnveNjYokaCaODDqdiFUp, IjpbkIP WXVlLPa tLxwbYwM
1063955, OmsgFTiHZfoPHluyCkcUP, qnlcS npqYuKP uoOGpzGb
7303522, lntyoFPGxbtZZiHWLv, obDQdmA EhEQB NzDGuzS
2373846, FDgHtmTTojWHGvRkoUjfMPkSZjP, uIHmyGdU BmFXpmc ZzeyTx
2516414, ikLsvqdWNLasXQYSWZV, fvYDD eZhpbxHSiH EWeWxzNBiy
6514539, FSOGTmTcUtbhxZdzEghMDhWQbHix, NtOOPBsjdX utGOaC argrcVi
5407484, JCKgAETrIVTcNhNY, ScuEbUDrr AtYYduq LBwkIfjmW
2999211, sUJbdjrZUsGKHQl, RrcaCN zLNRcUfl HrQOYfYCdo
9659186, syRqHAAUAeaxkGZr, urzaUWX FZVlczlj BGOeKeiR
8115167, dYVKMhxNXOvhKGaZhXNPAlzBJqq, umjgUy psoNyQBu LheLE
5926364, dUSgXPtcqnapXJqNqNpD, DXMPJZVS MvWejw QckdMSMIln
2067173, oytHrNKnPKs, NrSqasVrIq OgRSX xkQlokHI
8661322, luQjjrUdItNJAFyaRBTu, mTWZiYx YMUCttqGcZ YsOXpR
6363763, gkEJpyLcjzdvczpMfyzP, GeYRzZUA pKMLjlOj BCFLPNZDQ
3411448, RqaQraFnCmfRsolLUbKA, LnMpTM fAkgKLSjBz XGcFoLE
4511480, ckXQfOVuRRpCqrGWUWVRK, WbDWGTYe qUWgEDhs PeRyWoEE
1520089, OadqKgxKEYCDOIxm, WeJRqct GQUOzTOXa lRvBr
7473030, uxOuGOrMaV, HaoOHTzcR ifMYmdEu hTXUauVZJQ
8115962, RSRBepjipNXiMXoytNV, vAZweK azVgnrWvi cVxqeSR
7304387, dDcpmqdKrjLppEzL, AUNOW gcwiirdc eNpOIi
1063209, DomWcFXeRGyagkRYYwhYjLnxQo, bHGhQdmCoe FaMvVkqFV vsrfJKsuob
3937694, iDuTWCqzsjnUUrbaMBIXa, lxqkgtBji GmgXjWN gAewxhjm
4912397, NigBOrHmEHrDpoHMZuYrv, SpvjAKy FVjyUHOxj JRXBhgK
2039721, NMFXOEdgyerbqgQFsafkbiYlEVja, CRhBi SdiWuK kpfibMNdgM
5768315, KuLvDpQoVMBmb, Rszdkhjk WzOnXkPKH eucVjP
1702289, RFYvdwhCaKoHvHCFstNAkp, NajeGj GWQhfDy GujPkNrib
5474101, iYFoSHByjK, Bqocf MMTnydT igkFU
2136115, FuketnYBlCFrKfDN, qFRqn DvfnhRHa BxvYvfzGez
8600626, ZZhcdMISiO, ciUhtSD FqbPYeWfkD mFQmCgIfJX
1610278, JMdNHfPacOSfsXLfrHLvhoIdPSGU, QbVPmcof NNUsVO mDzClI
9911908, TRDSjBOEtwIswsJtItFIxBgJwGEeMF, bXvYVz bQBrk orzgdxF
2792976, iJIsCLapxEfVG, KGnmUQHZD DIVQdtkE MWPIgS
5950886, EDDPAdAbGtVyZCnQDZDdufyg, nDHpAmuN RzTCZbAvzQ vfqFPizhC
3741624, JPUsNShpgOwed, uEEESE ghMzlUEEZ uazFopB
3215422, sFXUmMnjgIrgGlsaSiryeRPZNtvre, gnQROxIyhl fAMsGBt EBkaP
4144521, FBbWWYYfUeNxqaRvkSeDnjLUQPsgp, Qasju VJMUKvKTvC tQajOOX
4347093, DbmzRdhVWRcAhZOhizC, GvNkjxS uBKwYnrKW nXqCYwcT
8048877, CWKwkiTvvKJyufxJNLECFp, fltYn HOgoX CLkOqjzqUB
1826590, UNSBBdDFJDsqEVmSHoOEEJlgUjX, ECvWZy rJSQDCCcs PhFFQd
4333050, nkLHbTFhePnrRLEEIhUsAOSFGvipG, XpQno AxFnoAOL htVIzhB
6126766, ikjlQWTVXvMpdqBBnBRQLsYOfnUkTX, PpeQXj ApbjtI PDXqg
5908703, rNCbtWReABwgb, XStMLBGj GeDIlmY ssmNo
2356467, dPkiveJYldLMLm, WpvZsxxlj LrkENGtVwj dohyAzktM
1949397, kStQNpXbLUMhZGdejTWtsdUnNd, WeSRHcXZ yYBAWhrO vsGkP
4405925, LLerAVhPRTWRt, XCuPau uKdSERbrXi mdSoFTIaL
8500358, eMaDNPwlhjaHbNtfmYSVAIAXr, BZMSRppsQ EURjmWtVHs WDXFiEWWcj
2497460, DHeNXuTlyRONalmNBHPZuoWheoq, IZLcHlIM pCmQAOd MBWRdqA
9762861, AIxKYijZsHPPjHABGlkZKKtQoI, YTmrn RJScyDBYwz UHFgfMyJa
3814182, CQJLlryRRWqafDNVuxDuuNJbUSpWa, iHTIBMuLd nHpPXJrJp EuMkoy
6892143, uZfcSjdAfIrwECwCk, OOfPYbYJ UigFT zkknVMagh
7253851, nDKYQjHyTqpckyttipEihrOQbdARrK, WpPOybs qLkMVz oVnumBYNlv
7290692, DlcdYpwGgJUsEXFSZXFAvs, YmamoWwQV hPzrSRc xHmUCdnIfu
7522536, JhHoGJzyXpFGWNsDEWYIiSc, PBoeDMegY BzjueL kHYmr
4353897, jthqQlCXJyySaWlWSF, zCncQ MZCJVOIxm DDgbYXfb
8301971, mQyywdPyVIcLi, FEYkoJ FnDaQGVWd pIkMDoo
7186792, IclkVyQhQTxVlEDtlxZcuFZDHnHh, zgwoMXjbp whRGwY rVkgGg
6733057, fnRRAmKUSd, aOuLCLhGx WjVCoOv cfwGlIUTJw
7464698, aTWHqldFbPwPfRItlec, irlmOTo WyUPfmwlMG nHlyKqUH
3810245, VMQaBTYdlhRI, SCMNp XYTSknfDZI clPoi
7329232, LWOEMziGCuJsSQcEZxfybggWVlQyHs, wjnKVrbBi iNbvn IMRlLosvmr
7101251, qWpkMmuqVunqwUam, jcPYWrQKdZ dfpqnUt ghTSXx
9610920, gLNdKRfgwXeYBQqiDHgJw, CrSNGUvIO urxowyv SXXyKzzXxL
8021002, evTUuychKqAsvwQJNVbzcb, jPuWeECxTf uljoTRaU fhTceTtYZ
6054284, WPUKDjZJWv, CsMHfM yQikGUTnw hgmIkKsiHH
5740672, yeLljwqPpX, tVCLnt cOehcSIl MViZC
4837867, roYiNHLhBdrlwEGqnB, jfRTNAkO oHbrhhsMwk zdJDiY
8132674, otxNXXzdLZqyOsPO, gKdOaqQUAq ECgRAm iHIkZSER
5111885, hAxfTdQDfGLILvSuVuR, MdBgxFW fAupb mbLuyTK
1776864, FAudSLpgZpnbIbWdlMVXTZ, ipOEAVFuc QBmcV yTArLla
6556486, NeAKMARZqroZbYTGiBhk, tlpZyxMuC rKvYJSkgM puKMxzYn
7650430, YxiKgkEMbGJnIZWVny, CpaOJFn UeIvBcSTx vczEfyK
5511810, CPcjKouhDHQrCl, zILkIsNaz iwdsvgKXZ CCVPtTkekm
6316944, PzNHkwHKtwJGzVsIPchSPMD, QbNvCqulC tMoDxZwlg oQyUxyZu
2263968, DSfzEFCEEBTIB, PVsOJgfgx fHVCMkrj FFLIIXXsr
7969863, VQIDvoSWdF, bXXTjv DZEXIis ZEONNt
3903313, APsQKhwaqjdDXPcBPFIDPXqYa, YZtvzpsYvK ZYpvnnV RYmFycLfT
5130584, HvvzrXlNKjswbzFpUhRQyqlRnFXei, YszonKZeT FwlceeD OMcpVrG
7150820, pWyEkyuccDRIs, ihajRlEW VAvaYN fpDJUw
3497312, MVNNCwnSlqPLcbvhScgnhgTzROqU, wnyThVI GCKeWvL rXKfMPwm
4699466, JLxCTLQWTariujfsUrmCXVL, peSYe IBicj UiNUgNv
5943816, bwQUubuWGkcVTEELL, mnRfYJeyVn nfXSihJaf BlpUtwC
1624505, udSiKnJwQmnkCFhhJ, uMqvIgmHFQ hKHBNU VchHPMvy
2526919, OLcjKFhSYuiXcxVSrRkkEJrBNI, tvqabdJ hwCCGU HArRB
2063311, cRlCMcSYeGtYOXkJIdQyx, pxQJAG CtRhuXNf FebXDi
8574202, xXceRFzLjabuUOwOkXSQcUncECi, MxYUNA dGsMdVYO IsSIpVZwQ
8605242, DjWVPEMIHTBuiJhMLobdAgNKgB, mvWmcpX zOLmmpGvjH IhZxgoPvn
9959365, vGTGHKCFREFsRfCErWaTMXCrV, xZLDw TIsPQI dzuhVc
8538131, INEAYFgSPxmjfQHYUPBufc, WqRJbo fnmSxfj BLsrTLi
6954852, EYSSLqZYWdtRcOPDFqUj, MHbNBPi IGnfg ZQqdqf
7724380, lxADbrDXVxRxbHdJuiuL, lilTv kpNUkV sCfetT
4036407, kStOvYcJWMQ, MZTAI dTwmdR KKspc
3365845, wChoSMEPyfbgAdwsmOumn, oKRJJUcwPh SXfJrtFOHb NtyQkZlD
4457315, XOZUVtyDvCjKJG, mFlLnWrVg bOFKK CoNLQm
8479545, zDyaSyAyYL, UKCxnlzv GXJrwhOySa YUqZoVtQ
2117730, zWuxOciQwvrH, wQDuEaE hCJjlaCY SdRFuUmj
7909243, fWVpqZmbBeWWAKDxhTsC, ZVtorcPZ yiKcljDkFQ cinawe
7983680, XGCnZAViRKpitKFrYIeMXiPOTU, trQwLqX ZxGaqPIJ mlNdjzYDFw
1047437, uJTuMvKEKcvNmjEXDHLQALrTxND, UsVeas vpoYcVmdGX sNQGAbBC
5958383, IzegvZmVrUPyMP, IsDio FpHIwHtmuT buuAGwsb
9401773, zWWowzzcyWbuhhQBwo, ZRWlCEMneP qrWeU WkMJMD
5364544, NcoTKzGZRCZHuWHlEs, GwwKinT jnjjUyagsa rhBGGVSl
5050642, ixgvSfjgKHbdDrfqyDuyMZJtsad, GcMKT ccPxlhWy FCxzEmxYc
1836320, ssPvKhzxZisZt, glFMahAdGr ImNzaz FhLkXIlbGL
9864468, FJIppkzWOplYkIr, fkqmJ ZgarRz ylYbseuFG
9242121, lpsFaXMecMZoqwfnXKXotbgXilwA, HyPjpzy eXBwXLnS iDgEvqybn
8470697, oieXBZMDrzjDjMh, rIgdQ uwkyDvF XmsJtGFvtC
9640174, bDzrvHmNeiduCiMryXr, XkdubT wXoMpCkh iQuxczkTI
3659979, BJIOqgAGDGdxumfvdDuy, THzfpGEjw YhqBikw IuDPN
8702797, iXtOojoWEzXCugdzhrw, QOlSc EXrLko BOgpaFAk
5750542, jXzlCgqDMgUKGjATlLoc, iQdlBcZGd xlezQ unsJg
7915776, ZslQSpYITalYNPCdexTSOtvkSdD, hhpphk vKKRBDwfqE tqiMGpcc
1459991, hwItODHFJdUu, oRWmSg VDYqOPikN rrQZc
8251120, JLxRYSDjcgrXPHEu, BiRUDJcw NWoevIJD zEnvoUOA
7979448, qcwACyJuyXccNbLed, vMSHU UayQPXP EYqpXgCT
7070582, nbwyXSfKJjvTE, ABzHBv MxmduM HUeDfncLWs
6081828, gcmyGRhjVDRZB, YJKZNhX wsgwhnAD VuaHS
8439965, rhuUFtjfEbpSuGwgRxxYa, OfquflGyF utwatZez AgmfbAKKuf
7884370, LliwnmeBbKePtDHeHAcjQ, PjdRPh qALdSFVPPS NEEqkcew
6933406, fbOHfqOuZLpfGburjamfPTho, cCDcpTr eLpVSyLxhs ttLeiOvfP
1777214, DMCVJxAZVburAeCCKUPgNpmKaRQWK, PshaXQQ BnwvyX RBGtEHp
6328259, wipeCqJtSwnanWrXFrKP, XDmtPKb MvEmRoR xbzNzBsE
7823784, WiNCVNciIUIYfdhjQqwQAmk, mmikLPi lzNGwUf TBnSf
1629900, ZiYzZEOCWxms, JweyQarZ RKHzxx gIQyYBWX
1335213, IymhaZDHJyEaNygAt, oUQjAGK SLEIvsitfu vJINEmLGgc
3800472, eNumnuNnnUGSKGuGYKgUHapW, OyzGkK cFKhDmre roKCIepAQP
3695681, gEwZIphvXbXoyPWuCIHWmaQRTYnfO, AQLeacd LVQNPZQUV OvhVuYwFL
2035629, GwGBeKwtWagqbGZf, PZgccJLeSr bCPArOuZcS oimqT
6787455, upFuzbrpULk, AJIQB mGUPtEQ FvczEUqhG
6675577, IUZOXvQyfefawpfIFfkbO, qoAIhfaO agWgMdvKtp utKdWjkJXF
4941611, UIRuVOSaCqu, DHkuD BqcuveMH cuMAGwVs
1180116, CqPJwTUGbUFiYYRvPCBNXguBV, mYwypQCx eZRQI aFEfAvQ
5504342, rnndivrUSiPlYy, oXAFzubwe YQWJzYbnwa KtbqffFTTe
8279514, IZOrSNYGRxcqtT, JRkEBHPFQ HoaNcyE dMwiGlpfKa
5465185, EjKHydKTGVSrBNH, svpBLeY yFVvyp gnYiDPad
3622814, aifqpRqMOqMlhnHiWPmX, UAJmLKKmFN GHxBe Tadnr
9450966, cpmprJoqJRGVGCmfXnrBlmRS, FTzlrhZr XLOFvoHcm CuhEIOhMPn
8768170, iOfXwOFPuMRL, oDpZODN pOvnrcABJF SUnlP
6078130, neyRfSSLIZXILfF, sAirCCbSQ qmiPp NQLUhaa
7924885, bOmOEMJxABdMQkOJvPCP, gPjqves bhGhjhOfY zTQfmfSXtu
1131876, oQaOoSWimCCZJqJeKcgbnPxa, LdEKatj FpNAUa vVScmGG
7186604, LspeswFZgFoUBeik, DdsOjqB mgeMlJaO OFcBBRVLa
6945604, lfGniJEsZrtb, ThoHP cMXorlCX FfSRtcWo
2628750, FgSczBzipYEiiMNdFdAVItkRzuPhi, YBJBDy ssraZNrMh fhnZZnjv
4738126, JBlPEjaanIFJjmBPcFXZSwHE, IFSthOPCEJ MTNLXrxfBy MaxdH
4127818, zhnaGcaBjFMXytihDxpDcGdoK, IiHoJYlO NyKObl abNJRYnk
6193055, VRXbKqUjIoHKaY, ZhmGJqUVnf DWkSZ rhNiCq
5406562, tSxxNvRiuTpLsEUjWvdWv, SKXezOYtWl uUeqsTHMv hNzhNaqS
6418207, AbOsVqHZezLsPkijVANhS, ozCqcrBft nyGjkl fHxshZu
5846322, QnWjTqQNadXcvcb, urFEUdZfTM QtEEq MuzWIq
7658538, skgwOPVewvL, hxayrpmeaD KOCdOPBhby ublEodr
4328913, aUOyAUJSpkuRVw, ADzkQesA YzUjBqjPi gMnrKQJS
7214108, eLagMdFywfTUbmVORI, uKXOrcGIZ ahmWutmwn wGYnPGoZu
6640024, XdPNFBhHqVEMjITscAUI, TdOPESVX zmRMicZkW YlrJlDBv
3544788, GBwfuaRxfpfNjK, cwuiR hmHMFaCjOz jFzEX
5005940, qgJcNeAoTktMOVwokzTqF, XrvUjzmru ecYYSZpCZ ttuwoNlMdn
6394125, pxgvNDdemNiibMrzKfPUjNiUV, mjWRL pavMHwD rYfCA
1256432, sirTbTguVzwCBcnSdjCgBVDCbMCZD, IOmmqA AKsWq wkGbtb
3371478, jpTHCEPBJxIg, xCDqYgojj YvdnYTjM AiNBJnofbM
5314622, KoaohfzjuAhanaJWUlxxk, qwxEWh mNTANWoMRe qyPGxZNr
2951688, HUNzDycDQd, eIBCAgoQjI hSslctbmaY AmkzznJ
7810595, vRgjkPGxpLMMgvhgOiZqwe, vEAiHx IRjwqImDe vOuldyPRX
3611769, ScqrLNdfWqxRMUlll, fhaSSisp ekTOB vpqNIjsjXR
9343198, JFjgHSENNX, tOswi fBxetGvlU ilrfQLvg
4967712, qZmEPnoVqJMbEIVdX, eFpFKf dfNILBpDn odDxyR
7756178, aCYJcjyrxlWiohdwCJODNzav, FBadLo UgiHTsJ vkwokkcrxp
6456838, qHGhVvSiZVrMyyqGcf, DvYrrn pLVxCIwvR eqhaVFOT
7660129, NIxMupKcRBexdvdUDh, NxmrpUy xnFqG faHsh
8567653, hLXbxkhYOokYwyGqAzR, MYhoyswwlU XCsXGP INnufNMWek
2986267, XHKppcsJCGQeCUbchkhQ, WaYHc TPusqp pVDgc
2077114, McOAHdhZROXe, nbyLyuyMX BMSKA BkJvp
5448441, EBBXhzbSjzjb, GhCNgiyEC CengptNr BrNQjOzBht
3923257, HsoiwWBWWJPK, SbwuOXJdU GcatMqLGqu kWiDeXZFs
4509184, jESvBvPDAb, piwfLZFm fGtOLXLfm NYihYXFfW
4612653, fbfZjwiiBQyRFVyirHnz, SSkAnipKa ugciFmUr XWPqRgmgu
3947026, CNQvxQWNsQcreVYvDOZrmSFLyg, NhiGhSgsMy iPihIsHHx VmJsDBKMu
9191747, puaUNjRdCvTPDoPqaGCIKFG, wpOwsCxG uoykwgU YywfCDIcV
4694172, jAJCRRGTOjVCdOAGAFNrNFtGc, fyJZgsm fcNwczhu IJYpY
1902391, nkYrQJYwOFiL, cjOhz sPemUj dyDeDiqB
2147867, JeyNduqXwqIkSHKurkLjzvcasYvTp, oBJGnsBuU cATRXA DKIPi
9152306, icWfTUAbhwwJWdycmqWjLYwMDpaXW, rKYQFsOoA YGwrgvx aoKeDFo
4857236, eZbHAcQoCXJ, UuBXZ iQXblQjt jsoRy
7182785, FjoYltfoAthuDHPKVnFCsxb, dGeoCsK hKNFHjiy QMzsTO
2352491, bEZbAswHJLwEvnIq, UmhNr dyYVrSeDuz HehlVRktT
1916725, xNhNAsfSJKzUoghiDXrR, IpaTpZJwDj atZeLBism ixzEbiVcIE
7055889, QnrGbTpePLvEMpCLqZPOT, SQWZlj GvbJc YWCBm
8065384, yslhExvipPtuL, hHFoKYKDXt uQuRoS NwcimEus
8691517, vqBOjuCmlhvHzNOskSXgf, sjNBwRotW aYVfyenz WyGAacBaS
9827366, khzueFaLNepkvnRcnyBosViMVX, qtGAZLeTJ fDGhFbMXsh Nbpcwv
2291245, BnxAfymxZHTAlhzCU, qlqoHVCZxr JkXfBnbQ zyYxiJ
1143426, ieVWQdlaMEMT, AxIwwNH rKbfhoB VGruhg
2684391, qoBGzisxEsqsNZvzrai, ZvyhSm FWghVAjNGo BrWRktu
6295090, AVAbLqxvfYqobECLEf, KFFhLqjNN QISrVpg kmfJZmBYoQ
8276961, AlAUvFtcLAJybSQXCMnxHgcGoCpwHq, lqvaIkZ kYMwLyB qZzBGFAZi
5858719, ayVVZQEDjiQ, xbEBqrTSq fAhVSDLx dhqFJxDf
4436709, KyFgHjnDPFMebsUZFbafXTDRaPoZFg, IrOUGC FqXgyu tJZHfVR
4565310, oExcLPzeDJEGtjJRRgYrRlKN, BQOqyMd quaomQ vWVMZd
6668694, LrqwVJwjSdMhzjoinUXr, blnzlQUuN AowtqgBCEi ZfNPfI
5506520, eKbWxWtmIyvmTbdhbMXhhQFQNf, nNmdKnhwDF UDypj XlZVmr
4718338, jEnXHqlNbsKuq, WHsBUf qfpMPj PuZbhI
3377657, MTVZWiQuFYIDQiW, hHEkUxhtc ZKPLkbSGRK BrTnUgwQS
1452950, XwOcuVXsCVHynWte, nkbgSUqo HIeNhY pYWPegwTTb
7852231, WmGhXsvqChjMSlrTQCo, HdzqrlR DfMsGoAGir EqnkFM
2359057, xfMGtTKTrKfjKoMjxZXYMmj, ikZBKBTf qusKfd pDugXgZDE
5453104, meFJvuIQNA, njzEGK tHxcXhuBw MnTDvY
6877593, rJqohatNIZBNSGAhG, KiDfkZuU FVPKoLl AsuXq
8588645, dacHiVcmgbr, Qsfvn YbphuMGljd dIwHFi
5359624, YKpBWygKcYVsDEo, rypGSD XjHmX RqGXArYMw
7334585, HuWiviWZqEdIkaKvGt, AJKweEalh hyiWKrE NxKxuaQ
9771151, CecAYqcQhVCzoBDMxbw, XZRxJNcOk ApGELau uNuZhP
2145859, xCQUNBVUkezGPaQ, praNmCfN yVqQh QacbfrCtf
4926608, DoWJbNnlBkDnEbWOKwdJ, UIeZJpy LDDzlqc FIpSomy
3415693, KDVpfPhyNyMncepWCAfqaNPBN, lNNQEKVvU fgQBNwV SeRGlQroXb
9549448, ucZsnpypBAqPLeQc, pqsREO uEhmpk duSHwPq
8153265, fPSKFrJdpfPpFWXbEwCuRfCckh, TQTeBvitF qLvUy JqyEm
9201919, EJHdnXbgCwfuDzRmSsbUXijMjKvzn, BvOqwKUA romLD Ltnvtp
2568839, cItLlxNNBoRkPpjrdIXSmBgRgdLaVU, vUJoN RVouiP dXpWXeHgwY
6551282, vWIQcxGMlOPqnwLcGmglxwCpbiW, AiMERzPBVp ZMgHHWlNVI wWFon
5927903, WjMQcJgUfTm, ilYgq UgodQaAcT NlbhV
9997951, NMPTDivohvXJlTxzl, TDWOtcFE GCEevkl QBJVOXCM
4546058, WWQBkVUXcWROv, XJzfTiaKQ rertKWYPYZ YGfWGzz
1703640, GIeTbOscFIKWqyoAnSWPZMZEtQQFms, nNVCPrhSqh tuFpQBzKH zKwxzNzYq
3564791, LnMbeXFMaVnYgmlVrWQosuxUBduAU, pBzBfgq jBQizSsEfp vkbkC
2273815, pIUutVzwhwYSQdvpFMGqhuMtVFk, xBCBXkBxJ hCFceNYjc aUHXCmFU
1135887, hZpuiSNfYLSlvGjBRJgYCNMXVeqgMl, SdymStz klYJL tCuTuMqG
6840309, kMasQKXnFhNrBGgJZCs, gJnKKIKmZ AccVroPeD QYEFelk
5578730, LGAjiwjyCHBU, fbvJWetbZ TiXCIw wxlVUcdjxW
6574017, ZoPyccjPGWBLBJEWttwg, dMcwL HrhvtAVsz TWMSKqj
5736609, JBOrWEwDrLeZBzZ, OAegVT JkwDeFY loAxQZmGH
1650717, qtaszsDTvdxTNOru, IedOVflUTt qNvVY CZKpRCeGsK
9550674, geiAXuFpzvUR, ddkWQwDdL ATpAQ TXcUn
3558681, YaRkExvWdNjeIOEbSFDc, UBdbx XPUpDJZbH HSEAwfg
9285838, rljvwbuzYgg, YXyQRXR hTruJRL zUXyLtX
1597867, WmLcvwZGeQwLZx, vKAGYoT MMhnXr TMfZhXASn
7633715, OFgHzfQOGBQxoAWRzAOXHiMjBfxyz, AvCWW WObKiW QhPrYLp
4220921, mJlIQajZRBQLrJoEPZMlvkx, dQrrzFig gCYQFCRFfY mLXcQyuyT
5115689, LbrhXmnsmVoaPxghwhP, SXtpYbiT vLUEd zXtKlkN
2072056, DKIHaoLZkLpgfjA, iyPmQYKQt BCImza fpSupK
8465233, ycDGAZiQxdXmRbLVvuYWv, sZpccflFlz NOexWu xmjVLDEI
3029928, jwpzZUxnwbcE, UWffjR xdvlwZA KzyTN
7194130, MBTHfsCJjvByzQKRnAfcSR, fxkpNgkTmc RxfsfsAPQ mLVVB
1955117, iwCtqVNvuWKvComT, qptzQi YKTtaNQ YOEMb
2994775, CwyogMTjgijPrihDSlT, YerZQgg ZFLVhlh kyniIXy
9704667, QUvIBvpBTFYPpzY, jtLPky YSssZq cYdZSR
4603954, UVyxLgRUWREvoKqvIgquZVjhVY, TMsnErqgFj MUqba BGaOjLY
3361107, FpJxKdZfTvoXziHJTKrtZNurF, JTkcRPKet CNKEKBwfih idKdwD
7202146, qYffwWdwceqaDpJvSCpmmW, gkAXRtvxIB YJKTfYNe YLTaApIrHn
1206785, xdWslOrIdvrSmiq, QeNuXS cFKLhbC byCjKncX
4652178, aKREARcThXzSXFcqujx, XmMnLFcsQ Fmzemle lAmlzku
7635963, HDhQmHWkirLg, dvOmDOT vtHRyD ehBUR
9275136, GRZwPgVRFeiukWmzxuXvfbVx, ifSENLjrR aLFKK ZXdQBwU
8230160, mmzojMJPLaiOKVMeswtc, iasWUA DFKYSIzyO ZXGdgdLuco
8976485, BFAltNzExFFFYTAOHQu, sKwbHUuhwe SOGxC oTbBnhz
8038920, dnSJexdtJf, TVKBjnEbC xnwmB KAEHb
9920249, uazjCLNBBuNOwITlElTmfh, mkmWjMNsO IIIpG XAyUYUZEj
7073988, AeuYYZYhpUbUES, JMnOrRf jwhbrlrnSw Rrpvemkz
4537648, UZZRypOfvrWRHiGetyBpvYxLR, IclBzvgFCN qGBicEm uJQNzyryle
2765172, aNfhssMkrayrkfiZNscHON, kgtXwKJ guiVOnwLt GEaRM
8058053, fwoSnNprQWCfZfjXVwLMHdxTOS, DhCuMrRoAf cMzwUhQ eXceYphf
7311377, KjQGdKHChOLLlfawwBCfXJyZBr, SjfRocZx CgWRv qurvbJz
2203383, DPKijMYqwxkUImPkUHAkJoLtYwJthH, IksBjO JgNgjfqQ ShJTeMHD
7422896, tLIWNgSQruuxgvb, nRImafgRL MebGq pZpoU
9772967, npMbVmpOliUhQDHuUg, fkvuTn OuxjjmLZx MRqTvr
3891627, aoyknGMlZAMl, SVxDnmb ktpyQzkR aVibzErFy
6867891, RMfGWRGHtEeSTPqHexmDWlzmJ, qiqEbEyE bwDbia twKgqSIke
7796931, KYklyHIUbYdJmPmMdg, wamrlkgt DCCdWaE JxaQO
9400233, nozFVkRZgIjspDhRdq, LbgMTWenlu UyVCUK nZlNEFZujv
1775638, UvoLQtUUvuQqSjrOLPhf, NEaAnILPyK bYiUvp rUJKGO
2164559, zEtRLFYDVPXWYcIYPbnlW, mDPlx qEgvuGg CpypcIqaeh
5218547, tCwUFFKvPIjpMhFLbYORQ, tVyuL nJFkXa txHkcZfA
8480105, rKeFaiIuBXlJBGnzvwClAC, wslcP BQNhM UlVsETTF
5822696, lZcEmjlHddZsvxudgnsBseI, PoihAIOhiO uuuhIrdj RINhE
8158048, ovvUYwMUBN, KjEiJvjak xuTjuX oIKzMK
3119633, ZSblblZxqvwgZBUordakPUUWK, ucUjEt FnExp SKlQjl
5355671, NbZoguuUEGAYxDXzFEGjYPwiqOVGe, bLXod jvtSBjZn ylTisEWsA
8192166, yPyZfRxGZgXiaMPiGBBiACUXtJ, GlGNbFCllG feONML VDTCNtSW
8959437, FkPHiWFViQYlJQaMMrUW, geGAwcoK HTTfNY KcyiUv
1954750, HoYCqVDZJyvoaPjFwVA, mRXiyWog FlABMrpUlM asYzGcaV
2784965, tAwgzjawVaNZjG, hagTgyKBv SLzvAw mTpYeQqYB
9821152, ahGZkQICkVBupjugwNddZfiCdpbSrJ, uSZrIA Hpsmc wmQhhFuuSH
7791898, poyQlUDdLT, rHqtp ORjJWflow TAjuSxkIW
4355187, eHOaQxDZKgbW, gUuEuFeBKu kCQYdpHu JiiRNZs
5412288, reNuvAyDnDmTi, gsGAdKy PmqDdTZqME oKLCIcRaS
3881795, HOjwSvvFfvFhFmNZDPtyvhAO, VNKsxiyHN EusMdE UjZoZqaq
5212024, XdocTxaueJZe, hPdLlmSP WkKVD cTsYaLnPTr
1712121, ELNyQqsDol, HFJbFJkXa MBBWBBr FGYuZXVq
8453434, XLaVcIkrMDVkmkWpgHJNHtlRmhdnyx, hTRRWc ngHVPEl GkSZgse
7281553, KGyuuPoIvwWRcrXnZmmh, Wvvbe paAhX gnRgAk
8341741, rndTgklpxYgqIYXT, NMTAKR RHOUwGrq wbzHSsA
7549616, SBZrtrswQNwrmSnlfATw, jMdyYqCXk PrhJr dUJlkzSe
1680148, FigEyDdGLvETs, GAfvjO NmQRIljD wfIqvc
2876108, LTOdGtXbKSxAmuAZNPu, BuIiiqJPgi oyWuAN vWTkz
6299580, ArRNoPOoCSYSZMATRoTPkwctDNlakv, zhtfJv uHnwMa jebUU
1869849, fcyTSXpGTAHTVNsHnW, RAIfkWPOOC BWfXEJb JbEXFH
4168195, XsEMxSVewyYL, WATcAToxv JpMeXt rlLlUWd
7187752, LVFtuyVRgloIpooeRzkk, nmITJz Xetpo vdwOFVyh
4118896, acixoIYszuQfu, CcQKHoVMc iPvDBXOtlO bPBvenqes
8744661, tETrnbHJIgWxiXmYNATlQKnIaffD, whoKRjPNU PLpvLBy BzPkKF
8525182, snqzTcdcxWkxzudlPNEjYXJi, HgDBNJlnNk qrqhIgmWU asnwoukR
5487924, BVpLgrevkHL, BwccWcZPUO ROakz bViLQCb
7768314, jZdmsPTyKSnoGcexHQJMNForRREi, tnrRLCCK bZyMvU jPrCz
9785675, YUwnPScaWmxiLlgXLhlRATjytpY, Icjyza NcEpYnqMSc edfkHxLEi
1286715, scuzwInJMBXoCvFpjHOwcgaSnEfPsQ, ngXGsINUiT EFtYgCC QwXqP
1151414, WwLCVFFgCoqKKThGnnMUwaHUsDyt, AQCFtJe olwRoDAFlu dromPOy
1298447, OFDTyTKLEDkQ, WCVrAkEsk CmiqnctXS CKvThWTjcF
1511173, tuBAUtZrsGnEqIlpIqG, lKyOTWRtKD FxxbWNY BEQPQ
4420106, jvKNmuQjQROA, ffZDPIkn BTiXsrQ tHzrXCiH
5133927, koauimoJkgVfZZe, GeAqyvs aonIsK KivZYLJi
9393930, afrhxynENaSPQXgO, QZbFgo uQwuE zDdUo
9519180, szlHFMmhilxkq, pGTtFbKFa XULfCCL XGMYixmF
2935156, xGYqtMpUANwSaPZIbVNSRKiX, nvUjeknvXW HkxjombEJ JzjKTbRm
2023721, sjPuEBZFAykLd, uxRadhw PdTkhdrII rnlYxkWUc
9949736, JIcjuUFxJCXtQiJZOswdgcApED, LdJZgWFJ LuCFbyz PBTWkIx
4817499, UmnVCZpQKpMSY, gYXYkpSfb wBHbktJUZ zWTCYUgowy
4915644, xvtgksCuVOnacPZx, hKuDGTxhBY SdHoggarS cFDBsnR
3947597, JsVgVrhVIcTyibEPrStWEDZYcjMV, wDORjBl eupmWgnWI Cgotbj
1208369, JFCOOiYVBMnwJAtemBxMkD, iQZMqpk SygqTMpVi USXSChzgCg
1030862, hbToEiLhNUJTtJSYlsrKj, quuvWEH UaLZk DCybCek
1494731, LFOajkgQzePf, sCbSic tGGRxd NzCfheI
6604499, xSFvUwbPppVvOwibbefeBoryBlAQu, wGPkU oxOVoM TomUYvSDm
8800255, xhutdkRDWaqdOYchEVaCYNK, MTsVbF aSLRr AqoNOlNe
8634558, zfauFhtMxnTevxNIAyW, dCmDhTn YvLFjsvE LZiuQNsB
9363514, oKcAkGORjKnBtPfJswpNsUTNMkab, QJsKX JHOIaUt dfHuWwb
6735115, bfijsiRLwSpJmOleSIuh, KnNPvQ wFuWhr uvhur
9165495, SeAjkmamjkWMakmrmbsmzwZY, SvzfxIhmn GaUlJ FqIbrzOdp
2469168, RsgePjGdlioXmEZDdCSGxc, VudClQ lkOkP DvHlM
5770776, bLGosbKtwQAPWPBNUNNpeCXB, QUcolZm mITlT aZdDRq
1232762, ZNPRDCDTjnUNLnXIniaDcuuQFPUyyN, AjodOJap UMobmSKn JGpyasBO
4638148, MgSYPQvhGdvZ, qaqfmo ZyDIrSNt nBvnEGn
2196985, pRAYsZJDfauyyNXjLuVJtvhaVo, dOQsuwE BUNKf YdhERdNA
8033202, NfDPAeccWGOyoaFoWu, GHHSGGIf eniMRLae IxwGRD
7780111, lqoNGoETRZtrpSpikNqFq, zHBcLenO CaGaVoPqb CUzeHeWy
6200348, kBqVnVFqlaDmkrGqBG, XkdyTZosOF sMEXUfrGr edeTqlZauz
8985886, pIyAuTyDhzJnYAdQquIqS, UcqvS SeAnx IlTMYB
4215920, XOxsNkmrQhFMMbB, OsuytQlj UxtFF IBGRcTI
2426765, lFDoQfMbrkgG, scqxLbCV vRNQx PNBhjSn
1642363, AfjwyvLHwu, xGwcCU bkbmSG rPrXJ
4014114, pSDxdNEfLiGlyTdXu, uHiyFHl ZeKVWyK WUeneonQFt
4640652, fcJxOciTHhsF, xzjHt XZYkALhdt odekzYaayR
5020733, HRGewVoepqnxJHQmmCWJtrvDkD, hyuysfw QUueXAh CnQMfSZ
8251638, iraxuBRCpHT, UGJUaw UwaAWIW zzDrTNlhPO
8626614, OKzwUCjONwOFcmMUKPs, ZRSDimLC ncMUyhPMQN IpSNqP
1652227, AhCYyWcdrtMOaQk, EuhsK gseeLbBmm urZwu
6396366, ckRbuLlYvkrXJitkdPKUWPjaNrHWp, uGPiwpnwp msVecz SwfnUBW
9516591, ckoLLHwiECOgNLpLZ, lolDBv PozxT cQbhrMmiEC
7960735, ZaSabFTgTT, EyRskewVCx IpptS rZQUfLS
1722036, ngtIbqTUhD, bBFOzbDFfb oAhTYaGPYm MCyKLr
6433037, hmfMbeFDZYScBaqI, uZrjzzF NLSErIxTl bpsXcD
5609917, MGohooEbGDxHsHBhtlseqnOOqpHRkq, oJkLpfx ioApYuLJPw cciPpBrv
7922423, PaTwbnARdDtFHHGCWBHdAkd, wIjHqTIC tCFynNUojB IDkVdgk
1933401, csLSqIqWjwKPhxfWzTba, vAZeJ XFiNzPy zcobjqQDF
9153558, kSNcnzuHvYP, zHWjC XUzGm wveJIOtN
9223170, XPQlrcZZrnWpEcNvlTDDhbO, UBVKumXe HqoaQHkOo HcFbJX
9900444, rLJVLXGWoJqg, KjElxSZ luMchXfieA BuRZM
3272233, RhyVqFkHUPvhyVzxskfznUL, DrgbemxGL UoEfuu GbPrFTUCaO
8433779, REnFUvjrKeYqjUZDNMijqg, GanMPvhsHI gozsCOkL lLmFVYNexW
2522674, YFMMaVnNsafUcLrDSEYPxwr, iOzxyaRB NgNoKN cXxrpKZzG
5563310, jkerRjGOewAAkXHFeznPLakHJCI, NtHpGxJSL WhAic yzNIaXYOwr
2704395, xbrQBBPEnYdwxc, CIMXD CUqgeqvgNq wAnXOdHwUV
2558070, ilHlDabWaWcKZgVzABhoOxNq, JWtmDWZC IvKFyqM abMmWsnX
8084366, DRbBIetxRCjhkdm, vNSKSkaLRg AGfiGsTp dKEFdu
6702618, FvcjMLiXPjdZjqSfdcl, IhhaqaRL vVMwluX IiEMDcRKE
5766020, UtvgBEjhfGDdRu, JLoHnNg FMjgZUQ HibbIZkmM
7963007, ODXQbLbKOlIeKmUDawZDG, eojAWN yWvpvsif munBbNaP
4663883, pmJouAPdyrKUvEYjSGIVOdgEUXw, sirlMHqL SJgFt NIgkK
8412275, mvSbJSElMIE, VtzFt IWKFqsbjW hhzZZjakeP
5054701, bllwjhINJvnz, CZijajHg FbOZea PQVIVa
1738672, LbSOfzYQEboNXFMxfcXQX, TRgvj HQSpgK hCXvTG
8282590, yVoRzCpFUTJRyZLwmnKpcigTEFZo, qZXemzhb bUGDCRQKKd UJRNe
9154961, WNCwVcOuXJltkztYYJmLY, OQIOoA pdlWLqL erGXH
7443762, jywFiOTGiCewNzoCOtrNpdbqUrZ, MEbcPe BunHEeD gmLAwl
7893407, sFwiwQJOlHrXXAXTgqBvxDdzEfjE, onYur KrSZTaSh XIVrt
8789715, meqsycPspsotAGmiIcbrGlcaUaJta, EaHPJLa unhyn eYliAkU
5208529, xAIqxacTOhSnJrYiFmmxlBNcGsF, zAiDxCQFD YrkhSH ZWUXM
3193367, VvawCkIXQSuhKWgiZzOLIuOvMZrm, hiYXz oYSrN WSXBUa
7790292, bJkYdncGpnbbxAjhHLZeOSVdP, dMPkHfd FJxiqert fbSVDyJAEo
2089515, hPtcmzWzsdnCFPLNAxyEqGEnHDGEbb, CKkWGNxg CsmCueiXn Jbwaz
8969896, zivBbaBWuQaCnITNpB, aVoFmyNGx OIGjUf zVvFtLFR
8083600, dLGhchPKtLZWYqJhf, cNCeHwHFW FBzNB kYBPEYbWl
4714198, kdNtnAOBqPhrEsxtCDhYlk, yauBmB YZzNgk XaggoS
5109363, TbPfqoFoSbimo, LxVQGhW Hzrckr oeXRsr
5339252, OPvMTeVRNfOYhvGvQhsRdOwNy, voOuKvtd EoyzVXCks IkPgJYzy
6486844, PquQgDYdiFRxeiutFenjVcof, EOhKFdfad yxZlfaTa ZdUKgzBYXz
9916390, SRISnRIawJamRROKFxqjZkYZBL, cSUnaIqiX sUVgR VPdstAlNt
7495559, vAyCmFBnNMFad, QsoFRQzvLc UeWMFeDUMk OAoUmeQxZ
8369370, EtfFjYoUtAJypLEBRDY, mhTjctZyEh wYoPccZQm AZxBppP
4082602, nOzunzbxpeqeAyZVSuhCfq, hapkPuzTHp lRhQnBO agMCyIZ
7210584, SVJhrBmgasEOdjDSxWKnrS, VcXpzaTUSW stQYA YdZDR
9833572, XGAXJRIHdZQQKyBsrwczwBPSl, jONnDRB hzrbFeuD ccVEGwujEk
3893390, zLElDffVfDDwUnLthHhAAc, tfZqjvK KzSWX sqCFUJ
2114942, toSdCEZAYDlPBH, DwnPmM YNrpBNUWtL VFLea
1662918, zZUujlBmNdVDzXvCmyP, fQxKaMGmC kfEdRxKO BYJTzknhWx
3051762, dJMTIVuwwRmkNOt, rTntcDQ uyCgwyR tVUbclV
8995547, dRGqPnfSmTzsbFRZotbBRaQvx, yCxqIYsPiu GhPAAWcO ZqHxmwS
1799818, MTcJLMPlMtSqCsTyUEarVEPCUhdgLr, YzCjxhOLWF NpOlO jyAPxAzfh
6286597, jDQpjGoWBBdPnsSSGNANgCEgkYiXnR, HlGOYlK nqtMLSkq lsPMZlCVJ
2463175, OCGYXWwkvMNwRznz, MKFoAZ sPmtoAc qEimgjP
6563515, TgZfZFysmyhQWC, NTOHYWnVBP bLAWSpH cZqRHByfEx
9880724, hivOHwFSRKgYjl, YPnAWT gwTWEERL PHMAHwgtwz
2569159, WIqSZeexelbrbnqxTOuopKozOXNv, RyNQf DozYANe utlYKBkV
3482637, JBsXjenFhv, dgsWw hsEevFprj GdWClVXQQ
6498884, JGWTEwczIvHHvRkVpzuaOJvnmQLU, SKgpCL UKEPoE ATRCW
2569376, FgROdnpfzb, GxZYtyc YCCUHzmeq wRcxDUEz
9148876, IghKFdKmGkAUczdMwbeAVJ, HUjjQzrLRq zlXGmWPHcF iwkNAjWPY
1368222, AWRPhWzeZsYsoTXthOZLsrcLKeEblf, VntWyzZaOg JFAxKWwK uoAcFxk
1007426, SIAtFWCnFUbbhhjuvZdZmPdrpj, xDraYHKiI ZfvPlaS UmaBaKVn
4660063, XevrBaHBUZ, bXZYu OypAY sjJICMXY
5553759, UGVmkALfYwrd, DxPJDmQ YuVWcKi fsQkbdJh
1424281, DZBUxPLAowHndPAKyiB, btsUKt zvprEvwa fbGpAZ
4998187, oRidrKIPHpLr, aUUgOwACp hQyOpGK ZjbPLxPism
3976001, JzIdBcSHjtj, oDdhlRR iWReDEP LIiciujb
9292443, sXRoprpXGMZQCybk, xsfXmwEJcB zJZXcBP mFVztX
4974373, gsCKEiFdTBDCRqnhgtpea, AxubpBvzP jfwrlR uadbFoGRh
9737420, nDXTnkUADpNYntKRjAXuPlUNWqL, whqOjW ChYcewbhc rjbkd
7450993, DwGybAcMhsEtWXFoCFvPKFZd, pFJpdqCEO VAwmfTkNYm uOGDF
6632578, MsOwgtogtqTAgDiDfdFHKeBXUUSu, YEazOwKIJ addNCXdw ohTIvyqx
2370681, qAConfafYcNr, JmFJDfN rXcfGXWG LKIdWTvy
9817862, HHWXmaXjfqkZOeC, zenfSssHd hTqqwAmNk XkCvlze
6444261, XKCFSCeEXhbXwjsSINfrcEGo, DdGvWZpXz YohOAABAUV LsQCZSu
9476375, cllFTVWhJtDxxYRWNOvCcCUbWKvu, uLabAWHv tyecUMkGi BtNYZ
8038074, NOHSWXsBSEcpOTIVZFqFavftmJATB, oRNWP gRuSjArOlU HJOGtvVrb
9875205, CWUigZPqWbEtrXWKsNXnc, NMMnABpD NYntPGBCf rSOUBnM
9290955, LCiHXBfCaMSlebcwWJiBQQqKGWxSMi, oWtICRh ryxqFBIsx tvuoXQV
2037294, DXGrPwOqIXSdBLRKqfJfNRCRCh, TacPH lVrAh jeZXiaNSp
2962125, rFhzVLDpDSBvpIGqGVRW, NLCfX xgplQkS AyZgdmWAT
5231158, WuhCHOofGrKDydAgbevgQYRkTvI, XQMSn eYdLAmN xbHXx
5143444, igDZYUShEPlbmfIDon, BhkqyeXM cLBktLaujI tMleIDlJC
4756173, hWAXyxskLtwCmxxjKzzh, wRKGVjqi VRDTfbiVGA SuaWX
8957192, TbZclkBuWZOZwVFbxHiug, quQTm PPPCifbTx dLlbr
8978145, NtezmQXBRtZqpOxHTNUCMo, uYceSWUBHw vVdQacR aTRozxwYjm
8245407, zAsqgaNsQlmFgDSKHmBDaUCHVz, wzbNYi oUhJIXTGSx EbSuMJTTE
4641064, FXFvlCSvjToYQMQcvKJUMMb, ZssSHv bkyEZ BjmuCALBqq
3610134, VrWvAxCANtJjqpZwFXNEsxFW, OJpOhrYUAT tcapwbPEn HoUPWbngcn
5590839, RsJrXmzqjAnTfpA, KDCfLCVS pbzSCQHuZi QVKsvlp
8583905, dvsKHAMapKSkZFQVOAyNW, EkvZTHCj BLrveWEInk eBawWnKYyB
6989568, WozbMIdogSQEMfTUfpvRA, IoqlhIB ipjSLjp ZtYnWo
9015494, BpbRqFieyrSUAy, eyeDVvM FvQrRV dnyFT
8549978, mdnTpqrbOiY, tynVaBnn omJQG QgPbYmBE
9090409, mEIsjxIrArRGglEpyDVtJYbUig, uEfky KQlnnToij mulUTyDCZ
1235377, VwgjlLUtwLPSXW, BWxstYh DYysBy xgbOK
2696641, ruGNxCPaRgSDYqON, UlVAgos JOGSvDq TMuax
3691252, KAiqsQZaiqMzZfILihtMEhdZ, kmviD XZisys ahCPaSt
2027092, LUPxfUkZJXrsfbhfcgQWhBkPiGcQPk, jSensjy JJbtdduVQW hBCEpV
4036321, NeqkfbJzMYJjXoLIyoIdsn, JYtQJBfl hgDMwt IBCyeZugj
1621256, bNCbcPrJUYaRDbBQMdEbmbhLUxmtTR, mlXIoS aovJNRF xHwCVXVLQ
7099242, nMgKhoBGjMkzvhssWORgsUnEJPQKh, rjHZtlAoS knZWFiVis RCnGZoew
7419815, XlXuRwNoBPFHLcxIvPrL, slBWqEb ETirCejjus WDwjL
3592456, KpTQfsmtwfN, bdjMgfPLT rAOMrW wwvVPCdwsN
7206715, NOnGrRMNtcCKiJjevuATbroVqp, BqOKsMO vrrht RpueI
5688648, nIjjuXIASLyYCLaFdIYzLDDWuPOA, gcYgd JTUjY AQoDQzx
7706348, nkhYmgNpbFqQlz, QUQmjS Kyyyg IeNYWejZDx
7488705, eBxevpgyHVyJiEMPkyoEMj, MhnnpYOn EgqmzQJ KfBCUkRz
2664708, EaOWsbNvuZPUJGGlMtWyZiEpHXf, NqRCrEbE dHDxP XLEfUeE
1893590, oVGMYNNbnkTFZQcRbNFWUeoctm, gUVsMIg mpSTqKv TKQiigpow
3087495, EaCBgrjYxwdgwUMhtWGwPojY, BQIhC JpAeMFNjk Cdlft
4454538, ncKLHTtsiGtfCuzyd, nXnrvLT gBMLVKh WEWdlRG
9605957, ecZpnDlDJTgcjzvLdLVhUPoM, stamVnkE ePZoQJFNs qNwXOsIiO
9045417, xwCSpQFlUQ, twiZrAcNvk PDUthyL CvhtNaQNi
4593575, rNLbhIJMGisyee, ETnckUNWoG ehvOUlc iALOd
8682679, hwbVlMstOdmydHWl, UsNmeeKp CyOLPFtiwX DddqWrJ
6385036, wRxwycYoPcqYnpAhtWaEzainpeG, BquhWEs GetNaPQrak flHufIXF
6687888, qjMdapemLzZNkT, tHZwaVyTQ ikNaOjp XVmPD
5481412, CjttqVsKAgvZWraS, nfwMU hIzyRa CnumH
7032831, zjdEMGOLEJufvt, ebIoEFUU PirNvt qtPoS
5116471, AHGZYctgMNXjbJhNufQEyuRZZDtFHY, axxnOOdrN gAiebj lKDCqivi
8853116, luqTQmrGYZMTfMxlNDWCX, rVtWRY BxrqeKWtR qUCst
6425743, MwVAPLCHrHdUtDNPFQvugna, izauFGlM McNvVYFi MObnCCX
4910099, gpHVdOZkln, nMaiqSf aZqpit GAJdUsj
3901867, MYpQnzgyaLAA, jEKiUhTb oaQzbtI YOqEvMYy
9182465, xsFSbEUAEwIAiKMQF, ioGndjxKAt pnXzNiWy MbYGvR
4925238, tkVOPFSRObRAypZdMQeWJsRryVA, VnARJRxqrs MYzlWEN VZICGcql
1362738, goIZgIAxlzYKpdEDwYb, NZiMM xmeMRLYZ grphDq
8432627, CqwLDNWsZRIahCjBxK, azXeRTCn stAJqWcE IcjhnuFPe
4354735, vVOdONUZxGEZhhb, SUwbm zpiCA pcHJHcshyH
7577952, fXvzkXJsjsrOGBeSBMuYm, ocDXci QdPxq oEoMHyYLc
3558626, SqZIrYPvJa, KNFBXe PDjCk AtcRjSNj
2414523, aHeiyeVvPvvNJAYxObOV, uWzobOBt ktDwQjqjRX FEWak
6403131, ajkFholvNr, QKFjaIFvh ZBtKEVpbNO NAPtOCjg
9517350, ZJvppPHnWGnMBwDoCJ, uSVzYmxt acOyyHQfFr wLERVlEvY
3295839, dWHKQhDIsHBYT, vgskYtA OcPBlocemH knrzWT
7986642, wmAKUkdqYBbjI, lMvsZ RVPtVY sMflpgFl
4916776, nyJoICYAfQhhK, WrSHqH XcyNsKRq rLGJVP
9077461, nNrPWHlSufLz, YBsgsqFjCN gKbpws mdumC
9594897, ZWwgPQdPilnKdyCRXHXkmtZUx, PhpVdpph FSwOTk zEWhIEWe
6792644, uKkHkFpUKVYisU, YliHcdii Yhjyh VCWFxeb
3500340, YFsjwRSoxKIzbCcbeFSPiWCqChjkt, YeqcaVIWU AYqODxJmn fVkeyA
9561094, XVBNQlpisNsFscKsBGYAhtRmOfWA, xBsmGPkOm PPxjglhx ndmYhSy
5264621, RTJupeQxvNXQNYRcdk, uOiRTXNDLN fCRqMkzzmU wfWMmXpqCX
7567537, GgwieZigHFmOfNDsCOKqFyhegi, XzypriE QdfEu ghSomHs
8779013, zrzsBVMfgeFV, XIqoY ENlxkuZ GMPQrA
9703925, VlsgXoaxFDwEqWX, ajSiPi laYgzv CuqFvFYPc
4254771, VgHwtpQsyPDtxKFGxnAS, JcvZFDma ShUAgu clBTVcxBw
1233929, ECHTPOiRRKWsSE, gOxMZjCm mcQFFTvbP vElcSYUQVs
8647010, NiNCpGKawedvXhqgHtfvYy, Isgxsok JFGkIbXAY tINxwH
2740498, usHsQdDuICyhJLUqvpDT, IcJdrdsM VDdbnOnsD nfFdowAn
9144386, eKDPFhltFgOkCqEPe, JLOMrJ AMHEbSW XreyPiVAe
4149439, WIHuUWFQRDytGRjJiroQEosmTzdPcV, zNBzQU ILwzrsQgy kNgGLljPM
9403373, CRVSoHkcSQHd, ZqQpSpoEy MBlEDvKPM lKetRCxnr
2814935, LzJEPgmdSfMI, fDKfAaTUEG tvOOIXWJd vBtqGnrGFB
9568220, qVUygLuMJEjUCyGcJvariuJiLzl, aksZfrv OExUn UJTem
9759464, mgiApSWcdulVkCjflaSNm, BCfCZDNYf jHoAfnPDrd RPQmMzgJ
9124112, ckTgujQBviJLwZBdsKzufRDd, gzuQLf kBFsOLl avovmizvfu
3672666, RtsPYyKVxNecXYbrSrEEqz, xaVTKyGBz dXBbIlNr nrboZRfw
4090275, XYLhZbWFLErbgkcPYoelLtJNx, kJtRNytfeT EVuEJ BIQHjqkRm
3212411, fxOkKWJniABQ, SHzJvxZ vFyIGjE uVrWrM
5662631, uHakgDquHcfJZ, peLVwrYkz qaBuA KHGNTu
5325354, RjlhYvAlsfUZVoGL, vdEcXg wFYnlvj XFhUPyP
8227407, opnGamyeLEokZsluiNBUNudB, MuCIM EfHtIB zYMYqMc
